ID,Categoria,Nombre,Direccion,Ciudad,Telefono,Email,Sitio,Notas,Prioridad,Fuente,Verificado,Confianza,Fecha_Verificacion,Fuente_Verificacion,Halal_Required,Cold_Chain_Confirmed,Current_Lavash_Supplier,Temporada
R001,Russian/Slavic Shop,Nash Supermarket (ex-Supermercado Russia),"Carrer Narcis Macia i Domenech, 12, local 7 A, 17310",Lloret de Mar,+34 972 36 46 15,info@nashsupermarket.com; nashsede@gmail.com,https://www.nashsupermarket.com,"Прямо в Льорете. Главный целевой клиент. ВАЖНО: магазин ребрендирован — раньше Supermercado Russia, сейчас Nash Supermarket (тот же телефон, тот же адрес). Часы: Пн-Пт 10-14 и 16-20, Пн-Сб 10-21, Вс 10-14 (по разным источникам). Подъехать лично с образцами. В соседнем помещении (local 4) — ресторан Ugolok. По тому же адресу также есть страница Supermercado Ruso SMAK (+34 602 613 275) — проверить, действующий ли это бренд или конкурент в соседнем помещении.",5,qdq.com / casarusia.com,Si,5,2026-05-28,https://www.nashsupermarket.com/contacto/ + https://www.paginasamarillas.es/f/lloret-de-mar/supermercado-russia_197421266_000000001.html + https://www.facebook.com/nashsupermarket/,,,,Estacional (mayor flujo en verano)
R002,Russian/Slavic Shop,Privet,"C/ Gran Reserva, 5 (block 14 local 6)",Empuriabrava (НЕ Lloret de Mar),,,,"Адрес и название встречаются ТОЛЬКО в старых каталогах 2010-2013 гг (casarusia.com, asfaru.org, turusia.webnode.es, masalladepireneos). Город — Empuriabrava, а не Lloret de Mar (база содержала ошибку). Свежих подтверждений 2023-2026 не найдено: ни Google Maps, ни соцсетей, ни Páginas Amarillas. Высокая вероятность что магазин закрыт. ПЕРЕД ВИЗИТОМ — позвонить в местные источники или проверить лично.",3,catalunya.ru / turusia.webnode.es,No,2,2026-05-28,not found in 2023-2026 sources,,,,Año redondo
R003,Restaurante (NO es tienda),Ugolok Restaurant,"Carrer de Narcis Macia i Domenech, 12, Local 4, 17310",Lloret de Mar,+34 872 20 10 58,ugoloklloret@gmail.com,https://restaurant-ugolok.goto-where.com / https://www.instagram.com/ugoloklloret/,"КРИТИЧЕСКАЯ КОРРЕКЦИЯ: Ugolok — это РЕСТОРАН восточноевропейской/армянской кухни, а НЕ магазин. Тот же дом что и Nash Supermarket, но другой local. Часы 08:30-23:30, среда выходной. Доставка через Glovo/Uber Eats. Категория сменена на Restaurante. Может быть отличным B2B-каналом для лаваша (ресторанный сегмент).[DOUBLE_CHECK 28.05.2026] Доп. тел +34 605 77 67 44",5,Glovo,Si,5,2026-05-28,https://www.tripadvisor.es/Restaurant_Review-g494960-d23378366 + https://restaurant-ugolok.goto-where.com/ + https://www.instagram.com/ugoloklloret/,,,,Estacional (mayor flujo en verano)
R004,Russian/Slavic Shop,Koshkin Dom,"c/San Albert, 10",Lloret de Mar,,,,"Адрес фигурирует ТОЛЬКО в старых каталогах 2010-2013 (asfaru.org, hola.ru, masalladepireneos, emigrantforum). Нет ни сайта, ни соцсетей, ни Páginas Amarillas, ни Google Maps записи. С высокой вероятностью ЗАКРЫТО. Перед визитом — проверить через локального контакта.",4,turusia.webnode.es,No,2,2026-05-28,not found in 2023-2026 sources,,,,Estacional (mayor flujo en verano)
R005,Russian/Slavic Shop,Nadezhda Tienda Rusa,"Carrer del Dr. Zamenhof, 19, 17220",Sant Feliu de Guíxols,+34 972 32 12 96,,https://magazin-nadezhda.blogspot.com/,Подтверждена. Часы: Пн-Вс 10:30-14:00 и 17:00-20:30. Большой ассортимент русских и украинских продуктов. Лучшая русская тиенда на Коста-Браве. Instagram: @nadezhda.sfg. 30 мин от Льорета. Высочайший приоритет.,5,botiguesdecatalunya.cat,Si,5,2026-05-28,https://spaintorus.es/karta/nlisting/girona/nadezhda-tienda-rusa/ + https://www.instagram.com/nadezhda.sfg/ + https://www.botiguesdecatalunya.cat/cat/soci/nadezhda-tienda-rusa,,,,Año redondo
R006,Russian/Slavic Shop,Tienda Productos Rusos y Ucranianos,"c/ Doctor Fleming, 3",Platja d'Aro,,,,"Старый адрес из barcelona-maresme.com не удалось подтвердить актуальными источниками. ВАЖНАЯ АЛЬТЕРНАТИВА в той же зоне: MIX-Markt Platja d'Aro по адресу Av. de Castell d'Aro, 74, 17250 — действующая сеть восточноевропейских магазинов (подтверждено Instagram @mixmarktes 2024). Рекомендую заменить таргет на Mix-Markt либо проверить старый адрес лично.",4,barcelona-maresme.com,No,2,2026-05-28,not found / alt: https://www.instagram.com/p/C842-ZKtYMO/ (Mix-Markt Platja d'Aro),,,,Año redondo
R007,Russian/Slavic Shop,Troika Delikatessen,"c/ Areny, 8",Palafrugell (Girona),,,,"Адрес из старых каталогов 2010-2013. Действующий бренд Troika Delicatessen существует, но В БАРСЕЛОНЕ (C/ Unió 3-5, тел +34 93 272 64 90, tienda-rusa-barcelona.blogspot.com). Адрес в Palafrugell не подтверждён ни одним актуальным источником — высокая вероятность что закрыт или никогда не открывался под этим брендом. Рекомендую вычеркнуть либо рассматривать барселонский Troika как отдельный таргет.",4,turusia.webnode.es / catalunya.ru,No,1,2026-05-28,not found in 2023-2026; existing Troika is in Barcelona (https://www.facebook.com/pages/Troika-Dellicatessen/171082832926215),,,,Año redondo
R008,Russian/Slavic Shop,Olga,"c/ Cavallers, 44",Palafrugell (НЕ Vilamalla),,,,"КОРРЕКЦИЯ ГОРОДА: по нескольким источникам (turusia.webnode.es, masalladepireneos, mitorrevieja) магазин Olga находился в Palafrugell, а не в Vilamalla — база содержит ошибку. Адрес и название только в старых каталогах 2010-2013. Свежих подтверждений нет. С высокой вероятностью закрыт.",3,catalunya.ru,No,1,2026-05-28,not found in 2023-2026 sources,,,,Año redondo
R010,Russian/Slavic Shop,Slavutich Girona,"Pl. Santa Eugenia, 2, bajo, 17005",Girona,+34 652 899 555,,,"Адрес подтверждается несколькими каталогами (casarusia.com, asfaru.org, hola.ru, emigrantforum, turusia.webnode.es). Телефон из исходной базы (652 899 555) актуальными источниками не верифицирован напрямую — оставляю с пометкой Parcial. Сайта/соцсетей не найдено. Жирона — 35 мин от Льорета. Рекомендую звонить и проверять физически. Высокий приоритет.",5,espanarusa.com / catalunya.ru,Parcial,3,2026-05-28,адрес подтверждён в каталогах; телефон не верифицирован независимо,,,,Año redondo
R011,Russian/Slavic Shop,Bogatyr,"C/ Punta del Escuts, edf. Rancho Suizo, bajo 1A",Girona,,,,"Название и адрес фигурируют только в catalunya.ru. Никаких подтверждений в актуальных источниках 2023-2026 (нет Google Maps, нет Páginas Amarillas, нет Instagram/FB). Адрес с пометкой 'Rancho Suizo' нехарактерен для самой Жироны — возможно ошибка в данных. Высокая вероятность что закрыт или никогда не существовал в Жироне.",4,catalunya.ru,No,1,2026-05-28,not found,,,,Año redondo
R012,Russian/Slavic Shop,Vita,"C/ Doctor Ametller, 2, bajo 4",Lleida (НЕ Girona),,,,"КРИТИЧЕСКАЯ КОРРЕКЦИЯ ГОРОДА: по двум независимым источникам (mitorrevieja.blogspot.com, casarusia.com) магазин Vita находится в LLEIDA (Льейда), а не в Girona — база содержала грубую ошибку. Lleida в 250 км от Lloret de Mar — выходит за пределы целевого региона Costa Brava. Рекомендую исключить из batch1 либо перенести в другой батч.",4,catalunya.ru,No,2,2026-05-28,http://mitorrevieja.blogspot.com/2013/04/blog-post_5663.html (Lleida); not in Girona,,,,Año redondo
R013,Russian/Slavic Shop,Nostalgia,"Gran Passeig Ronda, 47",Lleida (НЕ Girona),,,,"КРИТИЧЕСКАЯ КОРРЕКЦИЯ ГОРОДА: по нескольким независимым источникам (casarusia.com, asfaru.org, hola.ru, masalladepireneos) магазин Nostalgia находится в LLEIDA (Льейда), а не в Girona — база содержала грубую ошибку. Lleida в 250 км от Lloret de Mar — выходит за пределы целевого региона Costa Brava. Рекомендую исключить из batch1 либо перенести в другой батч.",4,catalunya.ru,No,2,2026-05-28,https://casarusia.com/foro/viewtopic.php?t=151 + http://www.asfaru.org/pagines/listadotiendasrusas.htm (Lleida),,,,Año redondo
R014,Russian/Slavic Shop,Bazar de Rusia,"c/ Iglesia, 143, loc. 4",Calella,,,,"Адрес есть только в одном старом каталоге (asfaru.org). Никаких актуальных подтверждений 2023-2026: нет сайта, нет соцсетей, нет Páginas Amarillas, нет Google Maps. С высокой вероятностью закрыт. Перед визитом — проверить лично.",4,asfaru.org,No,2,2026-05-28,not found in 2023-2026 sources,,,,Año redondo
R015,Russian/Slavic Shop,Teremok,"Passeig de Sant Joan, 125, 08037",Barcelona,+34 932 082 037,,https://www.teremok.es,"Крупнейший русский магазин Барселоны. Прямой импорт из СНГ. Селёдка, кефир, сметана, пельмени, икра. Обязательная цель - холодные звонки + личный визит. VERIFICADO 2026-05-28: Адрес и тел подтверждены на teremok.es, hotfrog.es, cylex.es. Часы: пн-сб 10:00-21:00, вс - закрыт (в некоторых каталогах вс 10:00-15:00). Угол с Carrer Rosselló. Метро L4 Passeig Sant Joan / L5 Verdaguer.",5,teremok.es,Si,5,2026-05-28,https://www.teremok.es / https://www.hotfrog.es/company/1122566754390016 / https://www.cylex.es/barcelona/tienda-rusa-teremok-12888202.html,,,,Año redondo
R016,Russian/Slavic Shop,Troika Delicatessen,"Carrer de la Unió, 3, 08001",Barcelona,+34 933 028 273,info@espanarusa.com,https://www.tiendarusa.com,"Самый известный русский супер в центре БСН (El Raval, у Лас Рамблас). Открыт Пн-Вс. Русские/украинские/литовские/польские товары. Влиятельная точка. VERIFICADO 2026-05-28: Альтернативные/исторические телефоны: 93 272 64 90, 638 841 638 (urgencias), 93 302 85 73. Часы: пн-сб 10:00-21:00, вс 10:00-15:00. По данным bcngourmet работает пн-вс 10-21:30. Метро Liceu L3. Открыты 20+ лет (с ~2001). Beteve.cat назвал «referent» славянских продуктов.",5,bcngourmet.com / espanarusa.com,Si,5,2026-05-28,https://espanarusa.com/es/hedonist/ad/hedonist/categories/Soul/places_of_interest/506272 / https://www.bcngourmet.com/barcelona.asp?vista=ficha&tienda=troika-delicatessen / https://beteve.cat/economia/supermercats-alimentacio-estrangera-barcelona-xina-russia-pakistan-filipines/,,,,Año redondo
R017,Russian/Slavic Shop,SamSmak Paral·lel,"Carrer del Roser, 7, 08004",Barcelona,+34 654 171 541,,https://www.samsmak.es,"Сеть SamSmak. Икра, замороженные, творог, гречка. Хорошая точка для лаваша. VERIFICADO 2026-05-28: Тел и адрес подтверждены на официальном сайте samsmak.es. Часы ежедневно 10:00-21:00. Продавцы: Inessa, Lyudmila. Барселона Poble-sec. Продают также пересылки в Украину/ЕС.",5,barcelonaguru.com,Si,5,2026-05-28,https://samsmak.es/es/barselona-parallel-es.html / https://barcelonaguru.com/tiendas-rusas-en-barcelona/,,,,Año redondo
R018,Russian/Slavic Shop,SamSmak Sants Estació,"Carrer del Rector Triadó, 92, 08014",Barcelona,+34 673 092 852,,https://www.samsmak.es,"Вторая точка SamSmak (бывш. Siberia). Возле станции Сантс. VERIFICADO 2026-05-28: Тел 673 092 852 подтверждён на samsmak.es и Waze. Часы ежедневно 10:00-21:00. Hostafrancs. Продавцы: Katya, Oksana, Margarita. Альтернативный тел из старой базы: +34 930 188 465 - не подтверждён.",5,barcelonaguru.com / espanarusa.com,Si,5,2026-05-28,https://samsmak.es/es/barselona-sants-estacion-es.html / https://www.waze.com/ru/live-map/directions/es/ct/barcelona/samsmak-market-(samsmak),,,,Año redondo
R019,Russian/Slavic Shop,Kalinka Malinka,"Carrer de Radas, 11, 08004",Barcelona,+34 931 745 188,,,Семейный супермаркет. Работает 10-22 без выходных. VERIFICADO 2026-05-28: Тел и адрес подтверждены через ok.ru и barcelona-maresme.com (списки русских магазинов БСН). Также найден на geodruid в plaça del Setge de 1714 (рядом с Radas 11). Poble-sec.,4,balkanicaonline.es,Si,4,2026-05-28,https://ok.ru/group/52166031573072/topic/62263207859536 / https://barcelona-maresme.com/2016/12/26/russkie-magaziny-v-barselone/ / https://m.geodruid.com/intl/es/place/5042194-kalinka-malinka-grocery-store-barcelona-espana,,,,Año redondo
R020,Russian/Slavic Shop,Magnit Russian Shop,"Carrer de Llull, 394, baja, 08019",Barcelona,+34 935 14 79 97,magnitbarcelona@gmail.com,https://www.magnit.es,"Сант Марти. 200+ отзывов 4.5* на Гугле. VERIFICADO 2026-05-28: Адрес, тел и email подтверждены на Waze и spaintorus.es. Email magnitbarcelona@gmail.com. Часы пн-сб 10:00-21:00, вс выходной (отдельные источники указывают 8-22 7 дней). Координаты 41.4114945, 2.2164961. Категория: Supermarkets/Russian grocery stores.",5,rentechdigital.com / spaintorus.es,Si,5,2026-05-28,https://www.waze.com/live-map/directions/es/ct/barcelona/magnit-or-magnit-russian-shop / https://spaintorus.es/karta/ / https://rentechdigital.com/smartscraper/business-report-details/list-of-russian-grocery-stores-in-spain,,,,Año redondo
R021,Russian/Slavic Shop,MiniMix - Eslava (Barceloneta),"Carrer de la Marquesa, 7, 08003",Barcelona,+34 931 276 849,,,"Барселонетта. Сильные отзывы 4.6* - 132 отзыва. Целевая. VERIFICADO 2026-05-28: Адрес и тел подтверждены через spaintorus.es и menuweb.menu. Альтернативный тел: 931 120 520. Часы: пн-пт 09:00-21:00, сб 10:00-21:00, вс 11:00-21:00. Ciutat Vella. Хорошие отзывы клиентов: «No han subido tanto los precios como otras tiendas rusas». Также пекарня внутри.",5,rentechdigital.com / barcelona-maresme.com,Si,5,2026-05-28,https://spaintorus.es/karta/page/7 / https://menuweb.menu/restaurants/donabate-ireland/minimix-barceloneta-tienda-eslava,,,,Año redondo
R022,Russian/Slavic Shop,Mix Markt Barcelona,"Carrer de Sicília, 133-135, 08013",Barcelona,+34 672 137 353,,https://www.mixmarkt.eu,"Часть европейской сети Mix Markt. Восточно-европейские деликатесы. Принимают новых поставщиков пельменей/лаваша. VERIFICADO 2026-05-28: Тел, адрес и сайт подтверждены на mixmarkt.eu, expm.info и waze. Часы ежедневно 10:00-21:00 (в некоторых источниках пн-чт 10-14 и 17-21, пт-вс 10-21). Eixample. Сеть Mix Markt - крупнейший европейский ритейлер восточноевр продуктов, 28+ лет на рынке.",5,paginasamarillas.es / mixmarkt.eu,Si,5,2026-05-28,https://expm.info/c:spain:catalonia:barcelona/es/mix_markt--es08013--barcelona--carrer_de_sicilia-133.address / https://www.waze.com/ru/live-map/directions/es/ct/barcelona/tienda-rusa-mix-markt-barcelona-russkij-magazin / https://www.mixmarkt.eu/es/inicio/,,,,Año redondo
R023,Russian/Slavic Shop,Anahit,"C/ Mallorca, 610",Barcelona,+34 637 272 611,,https://www.supermercatanahit.amawebs.com,"АРМЯНСКИЙ супермаркет в Клот (метро L1/L2). Продукты бывш. СССР, России, Армении, Болгарии, Украины, Румынии. ПРИОРИТЕТ №1 - именно армянский лаваш их фирма. VERIFICADO 2026-05-28: Адрес и сайт подтверждены на aiyellow.com. Тел из исходной базы не нашёл независимое подтверждение - вероятно мобильный владельца. Метро Clot L1/L2. ВАЖНО: армянские владельцы - возможные конкуренты по лавашу, но также возможные клиенты-партнёры.",5,aiyellow.com / barcelona-maresme.com,Parcial,3,2026-05-28,https://www.aiyellow.com/supermercatanahit/,,,,Año redondo
R024,Russian/Slavic Shop,Margarita,"Avinguda Fabra i Puig, 273",Barcelona,+34 934 291 266,,https://www.tiendarusa.amawebs.com,"Семейная русская тиенда. Продукты Russia/Armenia/Georgia. VERIFICADO 2026-05-28: Адрес и тел подтверждены на ruslandiabarcelona.blogspot.com (старый источник, 2013). На современных каталогах магазин не находится активно - возможно работает, но нужно подтвердить звонком. Параллельный Margarita Puig - другая ИНН (риелтор), не путать.",4,spaincostas.ru,Parcial,2,2026-05-28,https://ruslandiabarcelona.blogspot.com/p/establecimientos-rusos-en-bcn.html,,,,Año redondo
R025,Russian/Slavic Shop,El Arca de Noé / Noev Kovcheg,"Carrer de Bunyola, 9/13, 08016",Barcelona,,,,"АРМЯНСКОЕ название! 'Ноев Ковчег' - возможный армянский владелец. VERIFICADO 2026-05-28: Не найдено независимое подтверждение существования. Carrer Bunyola в 08016 (Nou Barris) - реальная улица. Альтернативная армянская тиенда в Барселоне - 'Alimentació Ètnica d'Armènia' на Carrer Garcilaso 23, тел 931 97 02 05 (другой адрес). Возможно адрес устарел/магазин закрыт.",4,espanium.super.site,No,1,2026-05-28,not found - posible cerrado o información obsoleta,,,,Año redondo
R026,Russian/Slavic Shop,Marusya,"Carrer de Llull, 232, 08005",Barcelona,,,,"Сант Марти. VERIFICADO 2026-05-28: Адрес КОРРЕКЦИЯ - mapcarta показывает номер 232 (не 230). Часы: пн-пт 09:30-15:30 и 17:00-20:30, сб 10:00-20:00, вс 10:00-15:00. Категория супермаркет. Рядом Jardins de Simone de Beauvoir. Тел не найден в открытых базах - требуется звонок по адресу.",4,espanium.super.site,Parcial,3,2026-05-28,https://mapcarta.com/N12222475325 / https://mapcarta.com/es/N12222475325,,,,Año redondo
R027,Russian/Slavic Shop,Krakoviak (Polish Shop),"C/ de Sicília, 326, 08025",Barcelona,+34 935 39 06 16,krakoviak.tienda@hotmail.com,https://krakoviak.shop,"Польский магазин - тоже могут брать. Польские и русские продукты. VERIFICADO 2026-05-28: Тел, адрес и сайт подтверждены на Waze. Часы: пн-сб 10:00-22:00, вс 11:00-21:00 (в августе спецчасы). Альтернативный исторический тел: 678 079 760. Email из 2006 - krakoviak.tienda@hotmail.com (старый, проверить). Метро Sagrada Familia. ВАЖНО: работает по воскресеньям когда другие закрыты.",3,espanium.super.site,Si,5,2026-05-28,https://www.waze.com/live-map/directions/es/ct/barcelona/polish-shop-krakoviak / https://barcalena.pl/barcelona-restauracje/polski-sklep-krakoviak/ / https://szkolapolska.blogspot.com/2006/03/ogoszenie-pierwszy-polski-sklep-w.html,,,,Año redondo
R029,Russian/Slavic Shop,Alfa,"Av. d'Alfons XIII, 257, 08918",Badalona,,,,Бадалона. VERIFICADO 2026-05-28: Магазин с таким именем как русская/славянская тиенда в Бадалоне в открытых источниках НЕ НАЙДЕН. Ближайший адрес 'Av Alfonso XIII 579' - это Consum (испанский супермаркет). 'Alfa' в Бадалоне находится как Alfa Inmobiliaria (недвижимость) - не наша категория. Возможно магазин закрыт или адрес неточный.,4,espanium.super.site,No,1,2026-05-28,not found en directorios russos/eslavos públicos,,,,Año redondo
R030,Russian/Slavic Shop,Baltika,"Carrer de Mozart, 11-13, 08917",Badalona,,,,"Бадалона. VERIFICADO 2026-05-28: НЕ ПОДТВЕРЖДЁН как физический магазин в Бадалоне. baltika.es - это онлайн-магазин для всей Испании (доставка из Барселоны). Supermercado Báltica физический находится в Бенидорме (La Cala Finestrat), а не в Бадалоне. ASFARU указывает 'Baltika' только в Cala de Finestrat (Benidorm) и Collado Villalba (Мадрид). Carrer Mozart 11-13 в Бадалоне 08917 существует, но магазин с таким именем там не подтверждён.",4,espanium.super.site,No,1,2026-05-28,not found - возможно ошибка в исходных данных,,,,Año redondo
R032,Russian/Slavic Shop,Troika Castelldefels,"Av. de la Constitució, 124-126, 08860",Castelldefels,,,,"Кастельдефельс - богатые русскоязычные. VERIFICADO 2026-05-28: Магазин 'Troika' специально в Кастельдефельсе НЕ ПОДТВЕРЖДЁН (Troika в Барселоне - Carrer Unió 3, Troika Delikatessen в Льорет-де-Мар и Лас-Кантерас). Av Constitució в Кастельдефельсе - реальная торговая улица, но в каталогах supermarcat только Caprabo, Veritas и др. Возможно русская тиенда закрылась или название/адрес неточные. Нужна личная разведка на месте.",4,spaintorus.es,No,1,2026-05-28,not found - posible cerrado,,,,Año redondo
R033,Russian/Slavic Shop,Tienda Nostalgia (Santa Coloma),"C/ Cultura, 10",Santa Coloma de Gramenet,+34 646 955 792 / +34 618 792 137,real.arman@hotmail.com,,"Армянские владельцы. Открытое сообщение - не закрыто. VERIFICADO 2026-05-28: Все контакты подтверждены на casarusia.com. Открыта в 2007 году парой Vika и Edik (армяне). Часы: вт-пт 10:00-14:00 и 16:00-22:00, сб 10:00-22:00, вс 11:00-20:00, пн 17:00-22:00. Продают: рус продукты, CD, DVD, книги, газеты, журналы. Также упомянута в ASFARU как 'NOSTALGIA C/Cultura,10 Santa Coloma'. ВАЖНО: армянские владельцы - стратегический контакт для армянского лаваша.",4,casarusia.com,Si,5,2026-05-28,https://casarusia.com/foro/viewtopic.php?p=12246 / http://www.asfaru.org/pagines/listadotiendasrusas.htm,,,,Año redondo
R034,Russian/Slavic Shop,Tienda C/ Irlanda 49,"C/ Irlanda, 49, local 3",Santa Coloma de Gramenet,,,,Русские+румынские+болгарские+польские. Метро L1 Santa Coloma. VERIFICADO 2026-05-28: НЕ ПОДТВЕРЖДЁН - на Calle Irlanda 49 в Santa Coloma de Gramenet магазин восточноевропейских продуктов в открытых базах не находится. Calle Irlanda и Passatge Irlanda - реальные улицы. Возможно небольшая тиенда без онлайн-присутствия. Нужна личная разведка.,3,elcontacto.ru,No,1,2026-05-28,not found en directorios,,,,Año redondo
R035,Russian/Slavic Shop,Bar Salamanca,требует верификации,Sabadell,,,,"Сабадель. Из списка rentechdigital - 49 отзывов 4.2. VERIFICADO 2026-05-28: НЕ ПОДТВЕРЖДЁН как русская/славянская тиенда. Bar Salamanca SL зарегистрирован в Oropesa del Mar (Castellón) как ресторан. В Сабаделе может быть бар с похожим названием, но связь с русскими продуктами не подтверждена. ОШИБКА КАТАЛОГА RENTECHDIGITAL - не все его 'Russian grocery stores' таковыми являются. Низкая надёжность.",3,rentechdigital.com,No,1,2026-05-28,not found как русская тиенда - возможна ошибка категоризации в исходной базе,,,,Año redondo
R036,Russian/Slavic Shop,Kozak (Sabadell),"C/ Once de Septiembre, 65, Sabadell",Sabadell,+34 937 220 113,,,"Польско-русский магазин. VERIFICADO 2026-05-28: КОРРЕКЦИЯ адреса - правильно 'Once de Septiembre 65' (не 29). Тел подтверждён через my.mail.ru/community/neways_spain. Часы: вт-сб 10:00-14:00 и 17:00-21:00, вс 10:00-14:00, пн закрыт. Украинский мини-маркет. Также упомянут на lafelicitatesmenja.blogspot.com (2012). Магазин с историей. ПРИМЕЧАНИЕ: в Сарагосе есть другой Kozak (Yuri Isaiev) - не путать.",3,casarusia.com,Si,4,2026-05-28,https://m.my.mail.ru/community/neways_spain/5714495416741659.html / http://lafelicitatesmenja.blogspot.com/2012/01/sopar-russia.html,,,,Año redondo
R038,Russian/Slavic Shop,Cesta Selecta,"Consell de Cent 493, 08013",Barcelona,+34 685 89 03 42 / +34 932 17 61 16,atencionalcliente@cestaselecta.es,https://www.cestaselecta.es,"ОПТОВО-розничный дистрибьютор русских/восточноевр товаров в провинции Барселона. Свой холодильный транспорт. Бесплатная доставка по провинции от 50€. Возможный СТРАТЕГИЧЕСКИЙ партнёр-дистрибьютор. VERIFICADO 2026-05-28: Все данные подтверждены на cestaselecta.es. Часы пн-сб 10:00-20:00 (телефон), пн-вс 10:00-20:00 (Punto Culminante 06 - пункт выдачи). Болгарский язык в поддержке. Доставка с рефрижераторами по всей провинции. Болгарские/русские/украинские/румынские/польские товары. ВЫСОКИЙ ПРИОРИТЕТ КОНТАКТА.",5,cestaselecta.es,Si,5,2026-05-28,https://www.cestaselecta.es / https://www.cestaselecta.es/tienda-rusa-barcelona/,,,,Año redondo
R040,Russian/Slavic Shop,Extrainvest / Extramagazin,Barcelona (без публичного физ.адреса - онлайн),Barcelona,,,https://extrainvest.es / https://extramagazin.es,"Онлайн-магазин продуктов из Восточной Европы. Возможный дистрибьютор. VERIFICADO 2026-05-28: Оба сайта (extrainvest.es и extramagazin.es) принадлежат одной компании Extrainvest Magazin Barcelona. 25 лет в секторе питания, 20000+ референсов, 90% ассортимента не найти в обычных супермаркетах. Доставка по всей Испании. Категории: икра, водка, пиво, конфеты, чай, замороженные пельмени и хинкали, сырники, халва, копчёные продукты. Контакты на сайте требуют проверки.",4,extrainvest.es,Si,4,2026-05-28,https://extrainvest.es / https://extramagazin.es / https://extrainvest.es/tienda,,,,Año redondo
R153,HORECA Distribuidor,Assolim Alimentaria,"A-2 Salida El Bruc, Pol. Ind. Mas del Pi",Els Hostalets de Pierola,+34 938 608 180,maria.borrego@assolim.com,https://assolim.com,"VERIFICADO. Servicio integral HORECA, cobertura completa Barcelona+Tarragona, parcial Girona+Lleida. Flota frigorífica propia. Frescos/refrigerados/congelados. IDEAL B2B-партнер для лаваша.[DOUBLE_CHECK 28.05.2026] Альт. тел: +34 93 755 47 40",5,assolim.com,Si,5,2026-05-28,https://assolim.com/es/contacto/ + empresite,,Si,,Año redondo
R154,HORECA Distribuidor,Friman (Alimentos Congelados Friman SA),"Ctra. Manresa-Berga km 1, Pol. Ind. Sant Isidre (sede); C/ Transversal 4 Mercabarna",Sant Fruitós de Bages / Barcelona,+34 93 877 30 00 / +34 900 150 723,friman@friman.cat / comandes@friman.cat,https://friman.es,"VERIFICADO. 50+ años HORECA. Cadena de frío completa: frescos+refrigerados+congelados+pescado. Central Mercabarna. B2B portal frimanGO (click&collect Cataluña Central).[DOUBLE_CHECK 28.05.2026] Возможен новый адрес: Pica d'Estats 77-95, Sant Fruitós de Bages",5,friman.es,Si,5,2026-05-28,https://odoo.friman.cat/es_ES/page/on-som + mercabarna.es,,Si,,Año redondo
R155,HORECA Distribuidor,Arcón Food (Artesanía Congelada SL),"Avda. Sant Julià, 28",Granollers,+34 93 840 20 17 / +34 648 71 97 88,info@artesaniacongelada.com / marketing@artesaniacongelada.com,https://arconfood.com,VERIFICADO. 30+ años líder congelados Cataluña. Pan/bollería/pastelería/pasta fresca/quinta gama congelados. Entrega 12h. Cadena de frío total. CRÍTИЧЕСКИЙ B2B-канал.,5,arconfood.com,Si,5,2026-05-28,https://www.arconfood.com/ + empresite,,Si,,Año redondo
R156,HORECA Distribuidor,Bidfood Iberia (incluye Colofruit),"Calle Pratenc-cent set, 2",El Prat de Llobregat,+34 93 262 89 10,info@bidfoodiberia.com,https://bidfoodiberia.com,VERIFICADO. Lider HORECA España. Diciembre 2024 adquirió Colofruit (125+ años frescos). También incluye Guzmán Gastronomía (Barcelona). Productos cárnicos+frescos+congelados. Cadena de frío completa. Portal B2B: mybidfood.es.,5,bidfoodiberia.com,Si,5,2026-05-28,https://bidfoodiberia.com/atencion-a-cliente/ + restauracionnews.com,,Si,,Año redondo
R157,HORECA Distribuidor,Frostfred,Distribución España (sin dirección física pública),Cataluña / España,+34 93 768 27 74,info@frostfred.com,https://frostfred.com,VERIFICADO parcial. Distribuidor mayorista congelados HORECA. Crepes/pancakes/bagels/tequeños/cookies/churros/fruta smoothies. Entrega 72h. Cadena de frío SI.,4,frostfred.com,Si,4,2026-05-28,https://www.frostfred.com/donde-comprar-congelados-para-hosteleria/,,Si,,Año redondo
R158,HORECA Distribuidor,Libano Foods SL,"Calle Gessami, 13",Sant Just Desvern (Barcelona),+34 93 372 79 10,info@libanofoods.com,https://libanofoods.com,!!!CRÍTICO!!! CONFIRMADO competidor directo. Fabricante+importador+distribuidor. 3000+ clientes España + presencia europea. 3000m2 + 2 plantas producción. Pan pita/libanés/durum/hummus/tahini. NIШA ARABE/ETNICA. Estrategia: o ataque competitivo o partnership/cobranding.,5,libanofoods.com,Si,5,2026-05-28,https://libanofoods.com/en/pages/nosotros + empresite,,TBD,,Año redondo
R159,HORECA Distribuidor,Selling & Spain,Pol. Ind. Les Guixeres,Badalona,,,https://proveedores.com/proveedores/selling-spain,VERIFICADO parcial. NICHO KEBAB confirmado: pan pita/durum/falafel/salsas/carne congelada kebab/embalajes. Sin contacto directo público — gestionar por formulario proveedores.com. CANAL CRITICO para distribución лаваша en ~2500 kebab-точек Каталонии.,5,proveedores.com,Parcial,3,2026-05-28,https://www.proveedores.com/proveedores/selling-spain/,,Si,,Año redondo
R160,HORECA Distribuidor,Dispuig (Francisco Puig Masjuán SA),"C/ Riera Rimau, 2",Girona,+34 972 20 67 13 / +34 972 64 77 26,dispuig@dispuig.com,https://dispuig.com,VERIFICADO. 72+ años. Congelados+pescado+marisco+helados+repostería+panadería. Cadena de frío total. NB: absorbió Francisco Puig Masjuán SA (R171 — DUPLICADO). | ДУБЛИКАТ записан как R171 (Francisco Puig Masjuán SA) — данные слиты сюда.,5,dispuig.com,Si,5,2026-05-28,https://www.dispuig.com + paginasamarillas + alimarket,,Si,,Año redondo
R161,HORECA Distribuidor,Marquez Distribucions (Manel Marquez SL),Paratge Vilartagues,Sant Feliu de Guíxols,+34 972 32 50 85,info@marquezdistribucions.com,https://marquezdistribucions.com,VERIFICADO. Desde 1975. Bebidas+alimentos+droguería HORECA. Costa Brava. Lun-Vie 9-13h.,5,marquezdistribucions.com,Si,5,2026-05-28,https://www.marquezdistribucions.com/ + empresite,,TBD,,Año redondo
R162,HORECA Distribuidor,El Nou Magatzem,"Marqués de Caldes de Montbui, 101",Girona,+34 872 08 19 81,elnoumagatzem@hotmail.com,https://elnoumagatzem.com,VERIFICADO. Importador+distribuidor productos argentinos+italianos HORECA. Carne/vinos/quesos/dulces/pasta. NICHO ETNICO LATINO (público argentino). Tienda física + envíos peninsula.,4,elnoumagatzem.com,Si,5,2026-05-28,https://elnoumagatzem.com/ + arecetas.com,,TBD,,Año redondo
R163,HORECA Distribuidor,Disfribell SA,"Carrer Llorer, 1",Palol de Revardit (Girona),+34 972 44 50 06,,https://disfribell.com,VERIFICADO. 30 años especialistas pan/bollería/pastelería CONGELADA. Pizza/coca/cristal/hamburguesa. Cadena de frío SI. Email no encontrado público.,4,disfribell.com,Parcial,4,2026-05-28,https://www.proveedores.com/proveedores/disfribell/ + paginasamarillas,,Si,,Año redondo
R164,HORECA Distribuidor,Distribucions Abad Isern SL,"Calle de l'Alzina Surera, 2",Palafrugell (Girona),,,https://abadisern.com,VERIFICADO. Helados+congelados HORECA Costa Brava. Flota propia con cámaras frigoríficas. Cadena de frío SI. Teléfono/email exactos no públicos — gestionar vía formulario web.,4,abadisern.com,Parcial,3,2026-05-28,https://abadisern.com/ + empresite,,Si,,Año redondo
R165,HORECA Distribuidor,Fredjove SL,Figueres,Figueres (Girona),,,https://fredjove.es,VERIFICADO. Constituida 01/02/2002. Mayorista congelados HORECA Girona+Barcelona. Pizzas/paellas/pan congelado/kebab cocinado/Häagen-Dazs. Cadena de frío total. NB: KEBAB COCINADO ya en catálogo — sinergia con лавашом.,4,fredjove.es,Parcial,4,2026-05-28,https://www.fredjove.es/ + axesor,,Si,,Año redondo
R166,HORECA Distribuidor,Pinco & Pallino,L'Escala,L'Escala (Girona),,,https://proveedores.com/proveedores/pinco-pallino,VERIFICADO parcial. 20+ años. Pizza/focaccia/calzone/pasta fresca y congelada. Cadena de frío SI. Contacto solo vía proveedores.com.,4,proveedores.com,Parcial,3,2026-05-28,https://www.proveedores.com/proveedores/pinco-pallino/,,Si,,Año redondo
R167,HORECA Distribuidor,Sed Distribució,"Polígon Industrial Sector Estació, Nau 6 nº6",Puigcerdà (Girona),+34 972 88 13 43,info@sed-distribucio.cat,https://sed-distribucio.cat,VERIFICADO. 10 años HORECA. Cerdanya+Alt Urgell+Berguedà. 600+ clientes. Bebidas+alimentación. Cadena de frío parcial (food+bev).,3,sed-distribucio.cat,Si,5,2026-05-28,https://sed-distribucio.cat/ + proveedores,,Si,,Año redondo
R168,HORECA Distribuidor,OR Empuries SL,"Plaça Europa, 21",Figueres (Girona),+34 972 50 41 71 / +34 669 20 79 64,empuriesad@gmail.com,https://sites.google.com/view/orempuriessl,VERIFICADO. NIF B55308431. Constituida 10/11/2017. Pescado+marisco congelado HORECA. Alquiler de cámaras frigoríficas. Cadena de frío SI.,3,sites.google.com/view/orempuriessl,Si,5,2026-05-28,Google Sites + Universia + sources,,Si,,Año redondo
R169,HORECA Distribuidor,Balló (Balló SA),"Carrer Llers, S/N",Figueres (Girona),,,https://ballosa.com,VERIFICADO. Desde 1892 (130+ años). Mayorista bebidas+alimentos+droguería HORECA. Marcas Estrella Damm/Viladrau. Teléfono exacto no encontrado público.,4,ballosa.com,Parcial,4,2026-05-28,https://www.ballosa.com/ + paginasamarillas + Facebook,,TBD,,Año redondo
R170,HORECA Distribuidor,Miquel Alimentació Grup SA (Grupo Miquel),"C/ Germans Miquel s/n, Polígono Industrial Empordà",Vilamalla (Girona),+34 972 52 70 00,info@miquel.es,https://miquel.es,VERIFICADO. 1000+ empleados. Distribución alimentación+droguería+perfumería+bazar. Franquicias Suma/Proxim+mayoristas+supermercados. Operación internacional. Cadena de frío SI (frescos/congelados).,4,miquel.es,Si,5,2026-05-28,https://www.miquel.es + europages + paginasamarillas,,Si,,Año redondo
R171,HORECA Distribuidor,Francisco Puig Masjuán SA,"C/ Riera Rimau, 2",Girona,+34 972 64 77 26,dispuig@dispuig.com,https://dispuig.com,СЛИТО С ID R160 (Dispuig (Francisco Puig Masjuán SA)) — этот адрес/название дублируется. VERIFICADO. DUPLICADO de R160 — Dispuig absorbió esta empresa (Alimarket). Misma sede. Pescado+marisco+verduras+helados congelados. SE PUEDE FUSIONAR CON R160.,3,dispuig.com,Si,5,2026-05-28,https://www.alimarket.es/alimentacion/noticia/382547/ + paginasamarillas,,Si,,Año redondo
R172,HORECA Distribuidor,Condal Chef (Condalchef),Barcelona / Girona (cobertura),Barcelona,,,https://condalchef.com,VERIFICADO parcial. Desde 1965. Gourmet HORECA + 15 años importando 50+ marcas cerveza artesana (800 referencias). Flota propia 24-72h. Carnes/embutidos ibéricos/vinos. NB: la nota original 'Girona' es imprecisa — opera Barcelona+Girona.,3,condalchef.com,Parcial,3,2026-05-28,https://condalchef.com/ + proveedores,,TBD,,Año redondo
R173,HORECA Distribuidor,Alimentació MQ,Girona,Girona,,,https://proveedores.com/proveedores/alimentacio-mq,VERIFICADO parcial. Pequeña distribuidora Girona. Productos exclusivos/ecológicos. Aceite/pasta eco/conservas/cava/vino eco. Contacto solo vía proveedores.com.,3,proveedores.com,Parcial,3,2026-05-28,https://www.proveedores.com/proveedores/alimentacio-mq/,,TBD,,Año redondo
R174,HORECA Distribuidor,Alregi SL,"Polígono Empordà Internacional, C/ Garrotxa, 8",Vilamalla (Girona),+34 972 52 60 61,alregi@alregi.es,https://alregi.cat,VERIFICADO. Desde 1993. HORECA bebidas Cataluña+nacional. 2600+ referencias vinos+destilados. 28 tiendas Girona/Barcelona. Servicio semanal HORECA con transporte propio. Cadena de frío parcial.,3,alregi.cat,Si,5,2026-05-28,https://www.alregi.cat/es/sobre-nosotros + proveedores,,Si,,Año redondo
R175,HORECA Distribuidor,Mercabarna (mercado mayorista — sector HORECA),"Mercabarna, Zona Franca",Barcelona,+34 93 556 56 00,,https://mercabarna.es,VERIFICADO. HUB B2B principal Cataluña. 70+ empresas HORECA en complejo. Buscador empresas: mercabarna.es/cercador-empreses. CRÍTICO para visita comercial — dia de campo con 5-10 distribuidores en pocas horas.,5,mercabarna.es,Si,5,2026-05-28,https://www.mercabarna.es/cercador-empreses/es_index.php,,TBD,,Año redondo
R176,HORECA Distribuidor,Fleca Serhs (Tamenfo SL — Grup Serhs),"Pol. Ind. Mas Roger, C/ Franklin con Edison",Pineda de Mar (Barcelona),+34 93 767 19 20,flecaserhs@serhs.com,https://flecaserhs.com,VERIFICADO. Parte del Grupo Serhs (gigante hostelero). Fabricación+distribución pan HORECA Maresme+alta gama. Cerca de Lloret/Costa Brava. POSIBLE SUBCONTRATA O CO-MANUFACTURING DE LAVASH.,4,flecaserhs.com,Si,5,2026-05-28,https://www.flecaserhs.com/es + paginasamarillas,,TBD,,Año redondo
R177,HORECA Distribuidor,Grup Moianès,"Calle Barcelonès, Nau 10, Pol. Ind. La Borda",Caldes de Montbui (Barcelona),+34 93 865 26 06,,https://grupmoianes.com,VERIFICADO. Distribución masas y pan congelado HORECA Vallès Occidental+Oriental. Pedido min 30 EUR. Flota con cadena de frío total. Bocadillos/bases pizza/empanadas/bollería/panes.,3,grupmoianes.com,Si,5,2026-05-28,http://grupmoianes.com/ + paginasamarillas,,Si,,Año redondo
R178,HORECA Distribuidor,Maheso SA,"Pol. Ind. La Ferrería, Avda. de la Ferrería, 59-71",Montcada i Reixac (Barcelona),,,https://maheso.com,VERIFICADO. Desde 1978. Fábrica 20000m2 — LA MAYOR de España en platos preparados congelados (35M kg/año). HORECA Impulso desde 2002. Croquetas/lasañas/canelones/empanadas. PERFIL: posible CLIENTE WHITE-LABEL para pelmeni/котлет/готовая еда (Etapa 2 после лаваша).,5,maheso.com,Si,4,2026-05-28,https://maheso.com/en/about-us/ + mahesoprofesional.com,,Si,,Año redondo
R179,HORECA Distribuidor,Ferri Bros SL,"Calle de la Garrotxa, 1, Local F",Sant Quirze del Vallès (Barcelona),,,https://proveedores.com/proveedores,VERIFICADO parcial. NIF B66480641. 12+ años. Fabricación bases pizza/focaccia/panes congelados HORECA. Sin teléfono/email públicos.,3,proveedores.com,Parcial,3,2026-05-28,https://empresite.eleconomista.es/FERRI-BROS.html,,Si,,Año redondo
R088,Lloret Kebab/Shawarma,Beach Doner Kebab,"Passeig d'Agustí Font, 3 / Carrer Sant Oleguer, 3, 17310",Lloret de Mar,+34 972 363 032,info@beachdonerkebab.com,https://beachdonerkebab.com,Турецкий халяль. Открыто до 00:30. Móvil +34 659 831 744. Rating 4.0-4.5. ТОП по объёму лаваша/дюрум. Türkçe.,5,tripadvisor / glovo / kebabya,Si,5,2026-05-28,kebabya.com + tripadvisor + beachdonerkebab.wordpress.com,Probable,,Probable,Estacional (mayor flujo en verano)
R089,Lloret Kebab/Shawarma,Pita King Kebab,"Carrer d'Emili Martinez Passapera, 12, 17310",Lloret de Mar,+34 631 460 419,Gurnams306@gmail.com,https://pitakingkebab.eatbu.com,Турецко-индийский халяль кебаб. 10:30-01:00 daily. Top-3 турецкая в Льорете. Высокий объём пита-бреда/дюрум.,5,tripadvisor / eatbu / waze,Si,5,2026-05-28,pitakingkebab.eatbu.com + waze.com,Probable,,Probable,Estacional (mayor flujo en verano)
R090,Lloret Kebab/Shawarma,El Shawarma Original,"Plaça de Santa Cristina, 1, 17310",Lloret de Mar,+34 632 920 781,,,Шаварма халяль. Rating 4.9 / 99 отзывов. Открыто 15:00-03:30. Очень большие объёмы лаваша/дюрум. Homemade. Arabic/Spanish.,5,tripadvisor / glovo / kebabya,Si,5,2026-05-28,tripadvisor.com + halalfoodle.com + kebabya.com,Probable,,Probable,Estacional (mayor flujo en verano)
R091,Lloret Kebab/Shawarma,Restaurante Omar Halal,"Avinguda Camí de l'Àngel, 45, 17310",Lloret de Mar,+34 602 080 057,,https://restauranteomar.com,"Марокканский халяль. Кускус. Берберский. Низкий лаваш-объём (это сидячий ресторан кускусом), но халяльный — возможен пита-бред.",5,restauranteomar.com / paginasamarillas,Si,5,2026-05-28,restauranteomar.com + paginasamarillas.es,Probable,,Probable,Estacional (mayor flujo en verano)
R092,Lloret Kebab/Shawarma,Carme Doner Kebab y Pizzería,"Carrer del Carme, 24, 17310",Lloret de Mar,+34 670 742 555,,,Турецкий кебаб + пицца. Rating 4.7 / 153+ отзывов на Google. Открыто 06:00-03:00 (Пт-Вс до 03:30). Очень большой объём дюрум/лаваш. Türkçe.,5,glovo / kebabya,Si,5,2026-05-28,kebabya.com + restaurantguru.com,Probable,,Probable,Estacional (mayor flujo en verano)
R093,Lloret Kebab/Shawarma,Doner Kebab El Molí,"Carrer del Poeta Lope Mateo, 16, 17310",Lloret de Mar,+34 632 301 250,,,Турецкий кебаб. Rating 9.7 (KebabYa). Стационарный телефон +34 972 900 452. На Glovo/Just Eat/Uber Eats. ТОП-точка по дюрум. Türkçe.,5,glovo / kebabya / yoys,Si,5,2026-05-28,kebabya.com + yoys.es + just-eat.es,Probable,,Probable,Estacional (mayor flujo en verano)
R094,Lloret Kebab/Shawarma,Mika Doner Kebab 2,"Carrer del Lleó, 5, 17310",Lloret de Mar,+34 643 501 072,,,"Турецкий кебаб. Также вариант 'Mika Doner Kebab & Bar' — Passeig de Camprodon i Arrieta, 15, tel +34 641 458 687. На Glovo.",4,glovo / kebabya,Si,4,2026-05-28,kebabya.com + glovoapp.com,Probable,,Probable,Estacional (mayor flujo en verano)
R095,Lloret Kebab/Shawarma,Kebab Marmara,Lloret de Mar (точный адрес не подтверждён),Lloret de Mar,,,https://glovoapp.com/en/es/lloret-de-mar/stores/kebab-marmara-lloret-de-mar,"СТАТУС НЕЯСЕН: на Glovo помечен 'Temporarily closed'. Не значится в каталоге KebabYa. Возможно сезонный/закрылся. Меню: дюрум 4.50€, кебаб 4.00€.",4,glovo,Parcial,2,2026-05-28,glovoapp.com (temporarily closed),Probable,,Probable,Estacional (mayor flujo en verano)
R096,Lloret Kebab/Shawarma,Kebab Lloret,Lloret de Mar (адрес не публикуется),Lloret de Mar,,,https://glovoapp.com/en/es/lloret-de-mar/stores/kebab-lloret-lloret-de-mar,Только Glovo-листинг. 100% рейтинг (мало отзывов). Точный адрес и телефон в публичных источниках не найдены — Glovo скрывает.,4,glovo,Parcial,2,2026-05-28,glovoapp.com,Probable,,Probable,Estacional (mayor flujo en verano)
R097,Lloret Kebab/Shawarma,Jaan's Kebab,"Carrer de la Vila, 52, 17310",Lloret de Mar,+34 602 398 913,,https://jaanskebabshop.wixsite.com/misitio,Халяль турецко-индийский. Открыто 09:00-02:30 daily. На Glovo/Uber Eats. Rating ~4.2. Punjabi/Türkçe owner.,5,glovo / ubereats / kebabya,Si,5,2026-05-28,kebabya.com + foursquare.com + google.com/maps,Probable,,Probable,Estacional (mayor flujo en verano)
R098,Lloret Kebab/Shawarma,Moni Doner Kebab / Moni Bar,"Carrer de Joan Fuster i Ortells, 2, 17310",Lloret de Mar,+34 631 094 837,,,Кебаб + бар + пиццерия. На Glovo и Uber Eats. Rating 7.5 KebabYa.,4,glovo / ubereats / kebabya,Si,4,2026-05-28,kebabya.com + just-eat.es,Probable,,Probable,Estacional (mayor flujo en verano)
R099,Lloret Kebab/Shawarma,GOYA Kebab Pizzería,"Avinguda Just Marlés Vilarrodona, 56, 17310",Lloret de Mar,,,https://glovoapp.com/es/en/lloret-de-mar/bar-goya-lloret-de-mar/,Кебаб + пиццерия + такос. На Glovo. Альтернативный адрес 42. Телефон не публикуется. Спросить через Glovo.,4,glovo / restaurantguru,Parcial,3,2026-05-28,restaurantguru.com + glovoapp.com,Probable,,Probable,Estacional (mayor flujo en verano)
R100,Lloret Kebab/Shawarma,Istambul Kebab,"Avinguda Just Marlés Vilarrodona, 57, 17310",Lloret de Mar,+34 663 677 700,,,Турецкий халяль. Открыто 12:00-03:00. Доп. телефон +34 632 079 887. Türkçe owner.,4,glovo / kebabya / instagram,Si,5,2026-05-28,kebabya.com + yandex.com + instagram.com/istambul_kebab_lloret,Probable,,Probable,Estacional (mayor flujo en verano)
R101,Lloret Kebab/Shawarma,Big Bites,"Avinguda Dr. Fleming, 46, 17310",Lloret de Mar,,,https://glovoapp.com/en/es/lloret-de-mar/stores/big-bites-llored-de-mar,Турецкий доннер кебаб + пицца. Rating 4.4 / 95% Glovo. На Glovo/JustEat. Не халяль по mustakshif. Türkçe.,4,glovo / restaurantguru / mustakshif,Si,4,2026-05-28,restaurantguru.com + mustakshif.com + just-eat.es,Probable,,Probable,Estacional (mayor flujo en verano)
R102,Lloret Kebab/Shawarma,King Doner Kebab,Lloret de Mar (нет публичного адреса),Lloret de Mar,,,,ВНИМАНИЕ: возможный дубликат с R089 Pita King Kebab. Самостоятельный 'King Doner Kebab' в Lloret в публичных источниках (Google Maps/Glovo/KebabYa) не найден. Проверить визитом.,4,glovo,Parcial,1,2026-05-28,not found,Probable,,Probable,Estacional (mayor flujo en verano)
R103,Lloret Kebab/Shawarma,CITY KEBAB,"Carrer Domènech Carles, 26, 17310",Lloret de Mar,+34 601 900 808,,,Турецкий кебаб. Альтернативный телефон +34 603 175 751 / +34 662 109 800. Открыто 11:00-00:00 daily. Rating 7.8 KebabYa.,4,glovo / kebabya / carta.menu,Si,5,2026-05-28,kebabya.com + carta.menu + cylex.es,Probable,,Probable,Estacional (mayor flujo en verano)
R104,Lloret Kebab/Shawarma,Turco Pizza Kebab y Taco Francés,"Carrer de Riu de la Plata, 26, 17310",Lloret de Mar,,,https://glovoapp.com/es/en/lloret-de-mar/turco-pizza-kebab-y-taco-frances-lloret-de-mar/,Турецкая пицца + кебаб + френч-такос. На Glovo/Uber/JustEat. Телефон не публикуется. Türkçe. NB: kebabya каталог отметил 'Bar Del Puerto' по этому же адресу tel +34 614 694 171 — возможно одно и то же место. | ДУБЛИКАТ записан как R145 (Turkish Pizza Kebab & French Tacos) — данные слиты сюда.,4,glovo / ubereats / kebabya,Parcial,3,2026-05-28,glovoapp.com + kebabya.com,Probable,,Probable,Estacional (mayor flujo en verano)
R105,Lloret Kebab/Shawarma,Doner Kebab Mesón Antonio Lloret,"Carrer Joan Baptista Lambert, 33, 17310",Lloret de Mar,+34 658 690 730,,,Доннер кебаб халяль + пиццерия. На Just Eat/Glovo/Uber Eats. Rating 7.2 KebabYa.,4,glovo / kebabya / menufyy,Si,5,2026-05-28,kebabya.com + just-eat.es + menufyy.com,Probable,,Probable,Estacional (mayor flujo en verano)
R106,Lloret Kebab/Shawarma,Bollywood Doner Kebab,"Avinguda del Puig de Castellet, 7, 17310",Lloret de Mar,+34 972 979 897,,,Индо-арабский кебаб + бар. На JustEat/UberEats/TheFork. Avg ticket 20€. Хороший канал. Punjabi/Hindi owner.,5,thefork / ubereats / just-eat,Si,5,2026-05-28,just-eat.es + ubereats.com + restaurantguru.com,Probable,,Probable,Estacional (mayor flujo en verano)
R107,Lloret Kebab/Shawarma,Al Andalus Kebab (Kebab HOUSE Al Andalus),"Carrer de Sant Pere, 46, 17310",Lloret de Mar,+34 631 798 016,,,Халяль кебаб + грилл + пицца. На Glovo и JustEat. 98% Glovo / 91 отзыв. Arabic/Spanish owner.,4,glovo / just-eat / kebabya / halalfoodle,Si,5,2026-05-28,kebabya.com + halalfoodle.com + just-eat.es,Probable,,Probable,Estacional (mayor flujo en verano)
R108,Lloret Kebab/Shawarma,ROUTE 33 - Halal Restaurant,Lloret de Mar (точный номер не публикуется; район Cervantes/Lloret Centro),Lloret de Mar,,,https://route33lloret.com,Халяль ресторан Food Villa: tapas/wok/poke/pizza/pasta/индийская вегетарианская/бургеры/кебаб. На Glovo/UberEats/JustEat + Flipdish сайт. 97% Glovo / 53 отзыва. Instagram @route33_lloret. Punjabi/Hindi owner (Elvis). Хороший канал по wraps.,5,glovo / ubereats / route33lloret.com,Si,4,2026-05-28,route33lloret.com + glovoapp.com + instagram.com/route33_lloret,Probable,,Probable,Estacional (mayor flujo en verano)
R109,Lloret Kebab/Shawarma,Restaurante Indian Tandoori,"Carrer de la Riera, 48 BAJOS, 17310 (тж. Carrer Narcís Macià i Domènech, 7)",Lloret de Mar,+34 972 364 036,,,Индийский. Доп. локация Macià i Domènech tel +34 972 360 952. WiFi/AC/терраса/доступ инвалидам/delivery. Menú от 9€. Hindi/Punjabi.,3,glovo / paginasamarillas / just-eat,Si,5,2026-05-28,paginasamarillas.es + tripadvisor.com + just-eat.es,Probable,,Probable,Estacional (mayor flujo en verano)
R110,Lloret Kebab/Shawarma,Restaurante Ganeshay,"Carrer de Francesc Cambó, 33, 17310",Lloret de Mar,+34 632 816 954,,https://ganeshay.es,Cocina Hindú. Rating 4.7 Tripadvisor #18/297 в Льорете. На Uber Eats + TheFork. Punjabi/Hindi owner. Индийский — может покупать наан/лаваш-альтернативу.,3,glovo / tripadvisor / thefork,Si,5,2026-05-28,ganeshay.es + tripadvisor.com + thefork.com,Probable,,Probable,Estacional (mayor flujo en verano)
R111,Lloret Kebab/Shawarma,Dallas Pizzería & Donner Kebab,"Carrer de la Riera, 66, 17310",Lloret de Mar,,,https://glovoapp.com/es/en/lloret-de-mar/dallas-pizzeria-and-donner-kebab-lloret-de-mar/,Кебаб + пицца + коктейли. На Glovo/JustEat/UberEats. Butter chicken + open kebabs хвалят. Телефон не публикуется. Punjabi/Hindi.,4,glovo / ubereats / just-eat,Parcial,3,2026-05-28,glovoapp.com + res-menu.net + just-eat.es,Probable,,Probable,Estacional (mayor flujo en verano)
R112,Lloret Kebab/Shawarma,Doner Kebab Amigos Pizzeria,"Av. Vila de Blanes, 10, local 6, 17310",Lloret de Mar,+34 632 39 38 37,,https://donerkebabamigospizzeriact.com,Кебаб+пиццерия. Dom 12:30-02:00. Рейтинг 4.3.,4,ubereats,Si,5,2026-05-28,https://www.cylex.es/lloret-de-mar/doner-kebab-amigos-pizzeria-14063182.html,Probable,,Probable,Estacional (mayor flujo en verano)
R113,Lloret Kebab/Shawarma,Cleopatra Kebab,требует верификации,Lloret de Mar,,,,На Uber Eats. Точный адрес не подтверждён — официальных страниц нет.,4,ubereats,Parcial,2,2026-05-28,not found,Probable,,Probable,Estacional (mayor flujo en verano)
R114,Lloret Kebab/Shawarma,El Turco Pizza Restaurante,требует верификации,Lloret de Mar,,,,Турецкий. На UberEats Lloret de Mar. Также есть точка El Turco Kebab в Calella (Carrer del Turisme 4).,4,ubereats,Parcial,3,2026-05-28,https://www.ubereats.com/es-en/dish/lloret-de-mar-es-ct/buffalo-burger,Probable,,Probable,Estacional (mayor flujo en verano)
R115,Lloret Kebab/Shawarma,Niku Kebab,требует верификации,Lloret de Mar,,,,На Uber Eats Lloret/Santa Susanna/Pineda. Возможно базируется в Pineda de Mar.,3,ubereats,Parcial,2,2026-05-28,https://www.ubereats.com/es-en/dish/santa-susanna-es-ct/shish-kebab,Probable,,Probable,Estacional (mayor flujo en verano)
R116,Lloret Kebab/Shawarma,New Jersey Turkish Kitchen,требует верификации,Lloret de Mar,,,,Турецкая кухня. На UberEats. Доставляет в Lloret/Calella/Pineda. Точный адрес не подтверждён.,4,ubereats,Parcial,2,2026-05-28,https://www.ubereats.com/es-en/dish/canet-de-mar-es-ct/acai-bowl,Probable,,Probable,Estacional (mayor flujo en verano)
R117,Lloret Kebab/Shawarma,Sabor Turc,требует верификации,Lloret de Mar,,,,Турецкий. На UberEats. Доставляет в Canet/Pineda/Palafolls. Возможно база Pineda.,4,ubereats,Parcial,2,2026-05-28,https://www.ubereats.com/es-en/dish/canet-de-mar-es-ct/acai-bowl,Probable,,Probable,Estacional (mayor flujo en verano)
R118,Lloret Kebab/Shawarma,Adam Kebab,требует верификации,Lloret de Mar,,,,На Uber Eats. Точный адрес не найден.,3,ubereats,Parcial,1,2026-05-28,not found,Probable,,Probable,Estacional (mayor flujo en verano)
R119,Lloret Kebab/Shawarma,Mr Kebabish,требует верификации,Lloret de Mar,,,,На Uber Eats. Точный адрес не найден.,3,ubereats,Parcial,1,2026-05-28,not found,Probable,,Probable,Estacional (mayor flujo en verano)
R120,Lloret Kebab/Shawarma,El Sabor Doner Kebab & Pizzería,"Carrer Forn de la Calç, 13, 17300",Blanes,,,https://just-eat.es,"Кебаб+пиццерия. ВНИМАНИЕ: фактически в Blanes, не в Lloret. Доставляет в Lloret. Facebook @Elsabordonerkebab.blanes.",4,ubereats,Si,4,2026-05-28,https://www.just-eat.es/a-domicilio/lloret-de-mar/kebab,Probable,,Probable,Año redondo
R121,Lloret Kebab/Shawarma,BM Pizza y Kebab,требует верификации,Lloret de Mar,,,https://ubereats.com/store/bm-pizza-y-kebab,Пицца+кебаб. На UberEats Lloret. Существует также B.M. Pizza i Kebab в Girona — разные точки.,3,ubereats,Parcial,3,2026-05-28,https://www.ubereats.com/es-en/dish/lloret-de-mar-es-ct/doner-kebab,Probable,,Probable,Estacional (mayor flujo en verano)
R122,Lloret Kebab/Shawarma,Ke Way Pizzería y Doner Kebabs,требует верификации,Palafolls/Pineda zona,,,,Пицца+кебаб. На UberEats. Доставляет в Palafolls/Pineda/Calella/Santa Susanna. Возможно база не в Lloret.,3,ubereats,Parcial,2,2026-05-28,https://www.ubereats.com/es-en/dish/palafolls-es-ct/marinara-pizza,Probable,,Probable,Año redondo
R123,Lloret Kebab/Shawarma,Delco Pizza Kebab,требует верификации,Lloret de Mar,,,,Пицца+кебаб. Точный адрес и телефон не подтверждены.,3,ubereats,Parcial,1,2026-05-28,not found,Probable,,Probable,Estacional (mayor flujo en verano)
R124,Lloret Kebab/Shawarma,Parque Doner Kebab,требует верификации,Pineda de Mar,,,,Кебаб. На UberEats Pineda. Скорее всего в Pineda не Lloret.,3,ubereats,Parcial,2,2026-05-28,https://www.ubereats.com/es-en/dish/pineda-de-mar-es-ct/doner-kebab,Probable,,Probable,Año redondo
R125,Lloret Kebab/Shawarma,King's Doner Kebab,требует верификации,Pineda/Malgrat zona,,,,Кебаб. UberEats Pineda/Malgrat. Too far to deliver для Lloret — возможно не в Lloret.,3,ubereats,Parcial,2,2026-05-28,https://www.ubereats.com/es-en/dish/malgrat-de-mar-es-ct/doner-kebab,Probable,,Probable,Año redondo
R126,Lloret Kebab/Shawarma,Cataluña Kebab Pizzería,требует верификации,Palafolls/Santa Susanna zona,,,,Кебаб+пицца. UberEats. Доставляет в Palafolls/Sant Pol/Santa Susanna/Pineda.,3,ubereats,Parcial,2,2026-05-28,https://www.ubereats.com/es-en/dish/palafolls-es-ct/marinara-pizza,Probable,,Probable,Año redondo
R127,Lloret Kebab/Shawarma,Fresh Pizza Doner Kebab,требует верификации,Lloret de Mar,,,,Пицца+кебаб. На UberEats Lloret. Точный адрес не подтверждён.,3,ubereats,Parcial,2,2026-05-28,https://www.ubereats.com/es/dish/lloret-de-mar-es-ct/doner-kebab,Probable,,Probable,Estacional (mayor flujo en verano)
R128,Lloret Kebab/Shawarma,Restaurante Pizzería Dubai,требует верификации,Lloret de Mar,,,https://ubereats.com/store/restaurante-pizzeria-dubai,Арабско-итальянский. Подтверждено существование точки в Lloret (Instagram Triunf.es ротуляция Sept 2024).,4,ubereats,Si,3,2026-05-28,https://www.instagram.com/reel/C_2xw0BCmml/,Probable,,Probable,Estacional (mayor flujo en verano)
R129,Lloret Kebab/Shawarma,Thana Kebab,"Carrer de la Riera, 48, 17310",Lloret de Mar,,,,Кебаб. На UberEats Lloret. Yelp подтверждает локацию Carrer Bellaire/Riera Lloret.,3,ubereats,Si,3,2026-05-28,https://m.yelp.com/search?cflt=kebab&find_loc=Lloret+de+Mar%2C+Girona,Probable,,Probable,Estacional (mayor flujo en verano)
R130,Lloret Kebab/Shawarma,Ranjha Kebab - Pizzería,требует верификации,Lloret zona,,,,Пиццерия+кебаб. На UberEats Canet de Mar/Lloret. Точный адрес не подтверждён.,3,ubereats,Parcial,2,2026-05-28,https://www.ubereats.com/es/dish/canet-de-mar-es-ct/roast-chicken,Probable,,Probable,Año redondo
R131,Lloret Kebab/Shawarma,Turkish Diner,"Carrer Abat Oliba, 3, 08380",Malgrat de Mar,,,https://just-eat.es,"Турецкий. ВНИМАНИЕ: фактически в Malgrat de Mar, не в Lloret. Доставляет в Lloret. Just Eat Lloret кебаб.",4,ubereats,Si,4,2026-05-28,https://www.just-eat.es/en/takeaway/blanes/comida-turca,Probable,,Probable,Año redondo
R132,Lloret Kebab/Shawarma,Turkish Halal Food,требует верификации,Lloret zona,,,,Турецкий халяль. На UberEats Lloret (Too far to deliver — возможно граница зоны).,4,ubereats,Parcial,2,2026-05-28,https://www.ubereats.com/es-en/dish/lloret-de-mar-es-ct/doner-kebab,Probable,,Probable,Año redondo
R133,Lloret Kebab/Shawarma,Turca King Kebab,требует верификации,Lloret de Mar,,,https://ubereats.com/store/turca-king-kebab,Турецкий. Подтверждён в Lloret de Mar (UberEats официальная страница магазина).,3,ubereats,Si,4,2026-05-28,https://www.ubereats.com/es-en/store/turca-king-kebab/wOhgzHhPWpa1aFwfyZSWmA,Probable,,Probable,Estacional (mayor flujo en verano)
R134,Lloret Kebab/Shawarma,El Sabor (Halal),требует верификации,Lloret de Mar,,,https://ubereats.com/es/store/el-sabor,Халяль. Подтверждён UberEats Lloret. Меню Durum Kebab Mixta 8.50€ — Halal.,4,ubereats,Si,4,2026-05-28,https://www.ubereats.com/es/store/el-sabor/OBe1za53WMSqtFYu8MG2fA,Probable,,Probable,Estacional (mayor flujo en verano)
R080,Halal/Carniceria Lloret,Carnicería Halal Fátima,"Carrer de Girona, 11, 17310",Lloret de Mar,+34 631 464 370,info@carniceriafatimalloret.com,https://carniceriafatimalloret.com,Лучшая халяль-мясная в Льорете. Супермаркет арабских/мусульманских товаров. 10+ лет работы. Местный КЛИЕНТ №1 для лаваша. Открыты ежедневно 9-15 и 17-22.,5,carniceriafatimalloret.com,Si,5,2026-05-28,https://carniceriafatimalloret.com/,Si,,,Estacional (mayor flujo en verano)
R081,Halal/Carniceria Lloret,Carnicería Halal El Molí,"Av. de Vidreres, 122, 17310",Lloret de Mar,+34 640 346 020,,https://carniceria-halal-elmoli-lloret-de-mar.negocio.site,Халяль-мясная Льорет. Оценка 9.2/10. Доставка на дом. Принимает Too Good To Go (пакеты-сюрпризы 3.99€).,5,enlloret.com,Si,5,2026-05-28,https://www.botiguesdecatalunya.cat/es/tiendas/carniceria/lloret-de-mar,Si,,,Estacional (mayor flujo en verano)
R082,Halal/Carniceria Lloret,Carnicería Halal Souliman,"Carrer del Carme, 14, 17310",Lloret de Mar,+34 698 273 446,,,Халяль Льорет. Подтверждено в каталоге botiguesdecatalunya.cat.,5,botiguesdecatalunya,Si,5,2026-05-28,https://www.botiguesdecatalunya.cat/es/tiendas/carniceria/lloret-de-mar,Si,,,Estacional (mayor flujo en verano)
R083,Halal/Carniceria Lloret,Carnicería Al Mobaraka,"Carrer de l'Oliva, 51, 17310",Lloret de Mar,+34 631 17 95 34,,,Халяль Льорет. Подтверждено botiguesdecatalunya.cat.,5,botiguesdecatalunya,Si,4,2026-05-28,https://www.botiguesdecatalunya.cat/es/tiendas/carniceria/lloret-de-mar,Si,,,Estacional (mayor flujo en verano)
R084,Halal/Carniceria Lloret,Carnicería Salam y Supermercado,"Carrer de Narcís Fors, 10, 17310",Lloret de Mar,+34 632 986 579,,,Халяль + супермаркет арабских продуктов. Двойная цель. | ДУБЛИКАТ записан как R087 (Carnisseria Assalam) — данные слиты сюда.,5,botiguesdecatalunya,Si,4,2026-05-28,botiguesdecatalunya,Si,,,Estacional (mayor flujo en verano)
R085,Halal/Carniceria Lloret,Bouchrie Al Badr Halal,"Carrer de Sant Josep, 17310",Lloret de Mar,+34 631 850 611,,,Халяль.,5,carniceriaespana.com,Parcial,3,2026-05-28,carniceriaespana.com,Si,,,Estacional (mayor flujo en verano)
R086,Halal/Carniceria Lloret,Boucherie Halal Amir,"33, Carrer de Riu de la Plata, 31, 17310",Lloret de Mar,+34 682 869 843,,,Халяль.,5,carniceriaespana.com,Parcial,3,2026-05-28,carniceriaespana.com,Si,,,Estacional (mayor flujo en verano)
R087,Halal/Carniceria Lloret,Carnisseria Assalam,"Carrer de Narcís Fors, 10, 17310",Lloret de Mar,,,,СЛИТО С ID R084 (Carnicería Salam y Supermercado) — этот адрес/название дублируется. Халяль. Возможно дубликат с Carnicería Salam (тот же адрес Narcís Fors 10).,5,publicaton,Parcial,2,2026-05-28,not found,Si,,,Estacional (mayor flujo en verano)
R135,Tossa Kebab,Pita Döner Kebab Halal Food,"Carrer Barcelona, 17, bajos 5, 17320",Tossa de Mar,+34 632 64 92 97,,,"Турецкий кебаб халяль в Тосса. Перед Hotel Don Juan. ~30 мин от Льорета. Подтверждено Tripadvisor, restaurantguru.",5,wanderlog,Si,5,2026-05-28,https://www.tripadvisor.co.uk/Restaurant_Review-g230087-d8280321-Reviews-Pita_Doner_Kebab_Halal_Food-Tossa_de_Mar,Probable,,,Año redondo
R136,Tossa Kebab,Kebab Pizzería i Braseria Catalunya,требует верификации,Tossa/Lloret,,,,Кебаб+пицца. Возможно та же точка что Cataluña Kebab Pizzería (R126) в Palafolls/Santa Susanna зоне.,4,ubereats,Parcial,2,2026-05-28,https://www.ubereats.com/es-en/dish/palafolls-es-ct/marinara-pizza,Probable,,,Año redondo
R137,Blanes Kebab/Halal,Tot Brassa Blanes,требует верификации,Blanes,,,,Халяль ресторан в Бланесе. ~20 мин от Льорета. На UberEats не подтверждён — название не найдено в поиске.,5,ubereats,Parcial,1,2026-05-28,not found,Si,,,Año redondo
R138,Blanes Kebab/Halal,Foster's Hollywood Blanes,"Avda. de Europa, 40, 17300",Blanes,,,https://fostershollywood.es,Не халяль но крупная точка сети. Подтверждено carta.menu.,2,ubereats,Si,4,2026-05-28,https://carta.menu/list/12493847/restaurantes-blanes,Si,,,Año redondo
R139,Blanes Kebab/Halal,DIA (DE BLANES KM 10.400),KM 10.400,Blanes,,,,Сетевой супер. Тяжело попасть напрямую но возможно.,2,ubereats,Parcial,2,2026-05-28,not found,Si,,,Año redondo
R140,Calella/Pineda Kebab,Pizza Rica Kabab Calella,"Calle Jovara, 337, 08370",Calella,+34 931 19 66 28,,https://paginasamarillas.es,"Кебаб-пицца. Подтверждено Páginas Amarillas, Cylex.",4,ubereats,Si,5,2026-05-28,https://www.paginasamarillas.es/f/calella/pizza-rica-kabab_302953237_000000001.html,Probable,,,Año redondo
R141,Calella/Pineda Kebab,Top Pizza Malgrat,"Carrer Abat Oliba, 3, 08380",Malgrat de Mar,,,https://ubereats.com/store/top-pizza-malgrat,"Пиццерия. Тот же адрес что Turkish Diner — возможно одна локация. UberEats, Just Eat.",3,ubereats,Si,4,2026-05-28,https://menuweb.menu/restaurants/malgrat-de-mar/top-pizza-malgrat,Probable,,,Año redondo
R142,Calella/Pineda Kebab,Luna de Anatolia Pineda,"Passeig Diputació, 6",Pineda de Mar,,,https://just-eat.es,Турецкая. Берут лаваш. Тел нужно дополнить. Подтверждено Tripadvisor/Gastroranking.,4,ubereats,Si,4,2026-05-28,https://gastroranking.es/r/luna-de-anatolia_169291/,Probable,,,Año redondo
R143,Sant Feliu Kebab,Guíxols Kebab,"Av. de Catalunya, 79, 17220",Sant Feliu de Guíxols,+34 972 07 99 65,guixolskebab@hotmail.com,,Кебаб+пиццерия. ~30 мин от Льорета. Средний чек 10€. Подтверждено visitguixols.com (официальный туризм).,4,ubereats,Si,5,2026-05-28,https://www.visitguixols.com/en/where-to-eat/restaurants-en/22202-la-locanda-di-nonna-flo-5.html,Probable,,,Año redondo
R144,Girona Kebab,The Kebab Lab (Girona),Girona,Girona,+34 972 947 025,,,Кебаб в Жироне. Современный дизайн. Instagram @TheKebabLab.,4,ubereats,Si,4,2026-05-28,https://www.instagram.com/p/DM8H2ZnMFpZ/,Probable,,,Año redondo
R145,Girona Kebab,Turkish Pizza Kebab & French Tacos,"Carrer de Riu de la Plata, 26, 17310",Lloret de Mar,,,,СЛИТО С ID R104 (Turco Pizza Kebab y Taco Francés) — этот адрес/название дублируется. ВНИМАНИЕ: помечен как Girona но фактически в Lloret de Mar (Riu de la Plata 26). Турецкая пицца+кебаб. Рейтинг 3.2.,4,ubereats,Si,5,2026-05-28,https://menustic.com/spain/restaurant-menus-in-lloret-de-mar,Probable,,,Estacional (mayor flujo en verano)
R146,Girona Kebab,AMIGO DONER KEBAB,"Joaquín Costa, 54 bajo, 08001",Barcelona,,,,"Кебаб в БСН Raval. Кухня libanesa. Подтверждено Páginas Amarillas, Yelp, La Carte.",3,paginasamarillas,Si,5,2026-05-28,https://www.paginasamarillas.es/f/barcelona/amigo-doner-kebab_021218078_000000001.html,Probable,,,Año redondo
R147,Halal/Arab BSN,Mercat Àrab Carnisseria i Alimentació,"Carrer de l'Hospital, 107, 08001",Barcelona,,,https://sawcer.com,Халяль + персидские/турецкие/марокканские/ливанские/египетские продукты. Самая крупная мульти-этнич арабская лавка центра БСН. Топ-цель.,5,sawcer.com,Si,5,2026-05-28,https://www.sawcer.com/es/mercat-arab-carnisseria-i-alimentacio/,Si,,,Año redondo
R148,Halal/Arab BSN,Carniseria Les Mil i Una Nits,"C/ Sant Miquel, 25, 08003",Barcelona,,,https://acib.cat,Халяль для ресторанов и хостелерии. Поставщики мяса в HORECA. Стратегич партнёр. Подтверждено ACIB Barceloneta.,5,acib.cat,Si,5,2026-05-28,https://www.acib.cat/es/socio/carnisseria-les-mil-i-una-nits,Si,,,Año redondo
R149,Halal/Arab BSN,Carnicería Al-Baraka Halal,"Carrer Diputació, 24, 08160",Montmeló,+34 931 449 869,,https://albarakahalal.com,Халяль-карникерия. Онлайн-продажи + доставка по Испании. Часы 10-21 пн-сб. Подтверждено сайт + ZoomInfo.,4,albarakahalal.com,Si,5,2026-05-28,https://albarakahalal.com/pages/contact,Si,,,Año redondo
R150,Halal/Arab Catalonia,Alimentación Ayhab,"C/ 26 de Enero, 38",Barcelona,+34 93 332 11 08 / +34 669 332 002,,,Болгарский супермаркет. Подтверждено degustandobarcelona.,3,degustandobarcelona,Si,4,2026-05-28,http://degustandobarcelona.blogspot.com/2010/04/tiendas-de-alimentacion-internacionales.html,Si,,,Año redondo
R151,Halal/Arab Catalonia,Paprika Gourmet,"Carrer de Lepant, 311, 08025",Barcelona,+34 934 335 709,,,"Венгерские продукты. Близкая ниша - чёрный хлеб, питы. Deli & Bistro. Подтверждено El Periódico, traveltohungary.com.",3,degustandobarcelona,Si,5,2026-05-28,https://traveltohungary.com/es/noticias/tienda-hungara-en-barcelona/3062/,Si,,,Año redondo
R152,Halal/Arab Catalonia,Magazin Unirea,"Carrer de Provença, 12, 08029",Barcelona,+34 635 369 788,,,"Румынский магазин. Cash&Carry + Cofetărie. Подтверждено magazineromanesti.eu, elrumanol.es (рейтинг 4.9).",2,degustandobarcelona,Si,5,2026-05-28,https://www.magazineromanesti.eu/Spania/c/magazine-romanesti,Si,,,Año redondo
R042,Armenian Shop/Rest,Alimentació Ètnica d'Armènia (Arayi),"Carrer de Garcilaso, 23, 08025",Barcelona,+34 931 970 205 / +34 633 872 525,arayialimentacionetnica@gmail.com,https://facebook.com/p/Arayi-El-Gust-dArmenia-Barcelona-100039501591257,"Армянский этно-магазин ""El Gust d'Armenia"" в Сан-Андреу. Владелец армянской диаспоры. Прямой целевой клиент №1 для дистрибуции лаваша - продаёт армянские продукты, нужен свежий лаваш. Часы: пн-вт 10-15/17-21, ср 10-15. Маленький объём, но идеальная точка входа для бренда.",5,waze.com / miatsir.net,Si,5,2026-05-28,WebSearch + Facebook + Waze + miatsir.net,,,,Año redondo
R043,Armenian Restaurant,Tapan Restaurant,"Carrer del Tenor Masini, 96, 08028",Barcelona,+34 603 941 100,,,"Армяно-кавказский ресторан в Сантс-Монжуик. Меню: армянская и грузинская кухня (хачапури, шашлык, гата). Часы 13:00-23:30, выходной понедельник. TheFork 9.4/10 (food 9.5, service 9.4), TripAdvisor отзывы положительные. Live music пт-сб. Лаваш используется ежедневно - ключевой клиент.[DOUBLE_CHECK 28.05.2026] tapan.es НЕ работает (запаркован на Hostinger). Тел требует звонка-верификации.",5,tripadvisor / thefork / tapan.es,Si,4,2026-05-28,TheFork + TripAdvisor + tapan.es,,,Probable,Año redondo
R044,Armenian Restaurant,Tapan Fast Food de Brasa,"Carrer de Provença, 9, 08029",Barcelona,,,https://thefork.com/restaurant/tapan-fast-food-de-brasa-r851034 / https://instagram.com/tapan_fastfood,"Вторая локация Tapan - фастфуд на гриле. Eixample, район Provença. Армяно-грузинская кухня в формате fast food (kebab, на гриле). Большой объём лаваша требуется - расход выше чем у основного ресторана. Доставка через Uber Eats, Glovo. Тот же владелец что и Tapan ресторан.",5,thefork / ubereats / instagram,Si,4,2026-05-28,TheFork + UberEats + Instagram @tapan_fastfood,,,Probable,Año redondo
R045,Armenian Restaurant,Mana'm,"Carrer dels Àngels, 3, 08001",Barcelona,,,"https://thefork.es (поиск """"Mana'm"""")","Армянский ресторан в Раваль. Шеф-повар Tatevik Arakelyan (армянка). Средняя цена 18€. В меню хумус, оливки, маринованная мелкая рыба - средиземноморско-армянская кухня. Вегетарианские опции. Лаваш используется. Хорошая точка для пилота.",5,thefork,Si,4,2026-05-28,TheFork France/Spain,,,Probable,Año redondo
R046,Armenian Project,Araxi Aperitivos Armenios,Доставка по Барселоне (без физ. адреса),Barcelona,Instagram DM @araxi.armenia,,https://instagram.com/araxi.armenia,"Армянский фуд-проект Florentina Israelian (дочь армянской диаспоры из Аргентины). Доставка боксов с традиц блюдами (сарма, хумус, мухаммара, бабагануш). На данный момент IG помечен ""CLOSED TEMPORARILY"" (630 подписчиков). Возможна коллаборация когда возобновят. Маленький объём, но имиджевая точка.",4,plateselector.com / instagram,Si,3,2026-05-28,Plateselector.com + Instagram + Facebook,,,,Año redondo
R047,Armenian/Caucasian Restaurant,Restaurante Lavash,"Carrer de Mallorca, 287, 08037",Barcelona,+34 722 502 356,,https://linktr.ee/lavash.bcn / https://instagram.com/lavash.bcn,Ресторан с названием LAVASH в Эшампле. Кавказская кухня - грузинская армянская региональная (гриль на углях домашние закуски печёные специальности). Часы 13:15-22:30 ежедневно. Доставка UberEats и Glovo. Прямой партнёр/конкурент по теме лаваша - возможно покупают у внешнего производителя. Критически важно подойти первыми.,5,ubereats / tripadvisor / thefork,Si,5,2026-05-28,UberEats + TripAdvisor + TheFork + linktr.ee,,,,Año redondo
R048,Georgian Restaurant,Kinza Born,"Carrer dels Banys Vells, 15, 08003",Barcelona,+34 931 060 466,info@kinzabcn.es,https://kinzabcn.es,Флагман грузинских ресторанов в БСН в Эль Борн. Часы 13:00-01:00 (пт-сб до 03:00). TripAdvisor 4.4/5 (124 отзыва) ранг #1273/9325. Цена 5-38€. Грузинская кухня (хачапури хинкали кубдари михловани шашлык). Высокий объём грузинского лаваша/шоти - ключевой клиент. Часть сети из 3 точек в Каталонии плюс Мадрид.,5,kinzabcn.es / tripadvisor,Si,5,2026-05-28,TripAdvisor + kinzabcn.es + Facebook,,,Probable,Año redondo
R049,Georgian Restaurant,Kinza Aribau,"Carrer d'Aribau, 179, 08036",Barcelona,+34 934 830 865 / +34 623 986 716,info@kinzabcn.es,https://kinzabcn.es/aribau,Вторая точка Kinza. Часы до 01:30 пт-сб. TripAdvisor 3.6/5 (8 отзывов меньше точка моложе). Большие порции и постоянный поток лаваша/шоти. Тот же владелец что Kinza Born. Заказ лаваша синхронизирован между точками - удобная логистика.,5,kinzabcn.es / tripadvisor,Si,5,2026-05-28,TripAdvisor + kinzabcn.es + TikTok,,,Probable,Año redondo
R050,Georgian Restaurant,Kinza Villa Castelldefels,"Calle 12, 25, 08860",Castelldefels,+34 613 099 837,info@kinzabcn.es,https://kinzabcn.es,Третья точка Kinza в Каталонии. Адрес также Carrer del Dr. Barraquer 19-21. Грузинская кухня. Сеть Kinza - единый поставщик удобен. Точка вне Барсы (Кастельдефелс) - может быть барьер по логистике но возможность централизованной поставки через Kinza Born.,5,kinzabcn.es / tripadvisor,Si,4,2026-05-28,TripAdvisor + autoreserve + Facebook,,,Probable,Año redondo
R051,Georgian Restaurant,Supra Barcelona,"Carrer de València, 246, 08007",Barcelona,+34 932 434 068,restaurante@suprabarcelona.com,https://suprabarcelona.com,Грузинский ресторан Mode в Эшампле между Balmes и Rambla de Catalunya. Live shows традиц музыка и танцы каждый вечер. TripAdvisor 90+ отзывов ранг #1594 Certificate of Excellence. Цена $$ (20-40€). Аджарули хачапури - покупают много лаваша и шоти. ВТОРОЙ по важности грузинский клиент после Kinza.,5,suprabarcelona.com / tripadvisor,Si,5,2026-05-28,TripAdvisor + suprabarcelona.com + bcnrestaurantes.com,,,Probable,Año redondo
R052,Georgian Restaurant,Tiflis Restaurant,"Carrer del Consell de Cent, 487, 08007",Barcelona,+34 631 489 757,,https://tiflisbarcelona.com,Грузинский ресторан рядом с Саграда Фамилья (метро L2 Monumental). Часы вс-чт 11:30-00:00 пт-сб 11:30-00:30 - АКТИВНО ОТКРЫТ (не закрыт). Один из немногих грузинских в Барсе разнообразное меню. Live music современная эстетика. Лаваш ежедневно.,4,tiflisbarcelona.com / tripadvisor,Si,4,2026-05-28,TripAdvisor + tiflisbarcelona.com + Waze + Facebook,,,Probable,Año redondo
R053,Georgian Restaurant,Chveni Bcn,"Carrer d'Escòcia, 71, 08016",Barcelona,+34 612 536 258,,https://chveni.menufyy.com,"Грузинский ресторан в Ноу Баррис. Аутентичная грузинская кухня (хинкали грузинские вина). Часы 13:00-23:00. Хорошая репутация ""warm service great atmosphere unbeatable prices"". Доставка/такеавей. Лаваш ежедневно. Менее объёмная точка чем Kinza/Supra но настоящие грузины.",4,chveni.menufyy.com / tripadvisor,Si,4,2026-05-28,TripAdvisor + chveni.menufyy.com + Instagram + RestaurantGuru,,,Probable,Año redondo
R054,Georgian Restaurant,La Illau Imeruli,"Carrer d'Hondures, 60, 08027",Barcelona,+34 935 358 100,,https://nicelocal.es (поиск La Illau Imeruli),Маленький грузинский ресторан рядом со станцией La Sagrera. Адрес уточнён через Nicelocal. NiceLocal рейтинг 4.8. Аутентичная имеретинская кухня (Imeruli - регион Грузии). Скромный объём но настоящая грузинская точка.,3,restaurantguru.com / nicelocal.es,Si,3,2026-05-28,Nicelocal.es + RestaurantGuru,,,Probable,Año redondo
R055,Georgian Restaurant,Restaurant LLau,"Carrer de Sant Antoni Maria Claret, 500-502 (esquina C. d'Hondures), 08017",Barcelona,,,https://facebook.com/restaurantllau,Грузинский ресторан напротив метро La Sagrera. Угол с C. d'Hondures. До 23:30. Часть малой грузинской сцены БСН. Возможно ассоциирован с La Illau Imeruli (одна община). Меню Грузия. Активен на Facebook.,3,restaurantguru.com / buscaempresas.org,Si,3,2026-05-28,RestaurantGuru + Facebook + buscaempresas.org,,,Probable,Año redondo
R056,Iranian Shop/Rest,Nikomand Iranian Shop Persa,"Carrer de Blai, 43, 08004",Barcelona,+34 931 290 828 / +34 607 321 176,,https://nikomand.com,Иранский супермаркет в Поблесек (на туристической Carrer de Blai). Эксклюзивный представитель BADR в Испании/Португалии. Большой выбор: рис басмати/иранский шафран лавашак сухофрукты восточные сладости. Иранская община покупает много персидского лаваша (тонкий хлеб тип санджак/тафтун). Часы пн-сб 11-21 вс 15-20. ВЫСОКИЙ потенциал но нужен персидский профиль лаваша.,5,nikomand.com / tripadvisor,Si,5,2026-05-28,TripAdvisor + nikomand.com + Instagram @nikomand.bcn + Novacircle,,,,Año redondo
R057,Iranian Restaurant,Rincón Persa,"Calle Floridablanca, 85, 08015",Barcelona,+34 934 255 996 / +34 600 306 062,,https://rinconpersa.es,Иранский ресторан в Сант-Антони. Открыт 20+ лет. Часы вт-вс 12:00-23:00 пн закрыт. Танец живота пт-сб ~22:30. Иранское барбекю и кебабы. Лаваш обязателен ежедневно. Доставка/такеавей через Just Eat. Один из старейших иранских ресторанов БСН - стабильный объём.,5,rinconpersa.es / tripadvisor / facebook,Si,5,2026-05-28,Rinconpersa.es + TripAdvisor + Facebook + cityseeker,,,,Año redondo
R058,Iranian Restaurant,Restaurante Shiraz,"Carrer de Calàbria, 144, local, 08015 Eixample",Barcelona,+34 931 439 291,,https://restauranteshiraz.es,Иранский ресторан халяль в Эшампле (адрес уточнён - Calàbria 144 а не Floridablanca). Часы 12:30-23:30 ежедневно (по сайту) либо вт-ср закрыто (по др источнику). Персидская кухня иранская халяль (кебаб ченже шорба бастани). Без резерваций - порядок очереди. Лаваш обязателен.,5,restauranteshiraz.es,Si,5,2026-05-28,Restauranteshiraz.es + Yelp + bcnrestaurantes.com + Restauranteshalal.es,,,,Año redondo
R059,Lebanese/Arab Rest BSN,Aladdin Restaurante,"Av. de Gaudi, 50, Eixample, 08025",Barcelona,+34 934 463 467,,https://restaurantealaddin.com,"Libanes/arabe/marroqui cerca de Sagrada Familia. Pita propia (#pandepita en Insta), fatayer, falafel, kafta. Belly dance vie/sab 20h. Pita-bread - candidato a замене на лаваш для wraps/arayes.",5,tripadvisor,Si,5,2026-05-28,firecrawl+restaurantealaddin.com,Probable,,Probable,Año redondo
R060,Lebanese/Arab Rest BSN,Cafe Arabia (Arabia Cafe-Restaurant),"Carrer Verdi 16 bajo, Gracia, 08012",Barcelona,+34 933 025 955,,https://cafearabiabarcelona.com,Libanes Halal. ~1675 resenas TripAdvisor - крупнейший. Musica arabe en directo. Cocina libanesa/arabe-marroqui tradicional. Большие объёмы хлеба - топ-кандидат. | ДУБЛИКАТ записан как R073 (Cafe Arabia (duplicate Verdi 16)) — данные слиты сюда.,5,tripadvisor,Si,5,2026-05-28,firecrawl+cafearabiabarcelona.com,Probable,,Probable,Año redondo
R061,Lebanese/Arab Rest BSN,Restaurante Sannin,"Calle Encarnacion 44, 08024",Barcelona,,,https://restaurantelibanessannin.com,"Libanes семейный. Доставка + recogida. Just Eat partner. Hummus/baba ganush/falafel/shish kebab - всё с питой. Сайт - Just Eat shopfront, телефон не указан публично.",5,restaurantelibanessannin.com,Si,4,2026-05-28,firecrawl+justeat,Probable,,Probable,Año redondo
R062,Lebanese/Arab Rest BSN,Karakala,"Carrer Torrent de l'Olla, 136, Gracia, 08012",Barcelona,+34 930 180 807,,https://karakala.com,"Libanes/fenicio в Грасия. Платы из Ливана/Сирии/Туниса/Марокко. ~399 отзывов TripAdvisor #611. Сред.чек 25-35€. Меззе, шаварма, кускус.",4,paginasamarillas,Si,5,2026-05-28,bcnrestaurantes+karakala.com,Probable,,Probable,Año redondo
R063,Lebanese/Arab Rest BSN,Restaurante Reem Al Bawadi,"Via Laietana, 59, 08003",Barcelona,+34 934 121 313,,,"Libanes на Via Laietana. Oasis-themed + shisha bar. Открыт пн-чт 12-1:30, пт-сб 12-2:00. Высокий объём (ночные часы).",4,paginasamarillas,Si,5,2026-05-28,yelp+wanderlog,Probable,,Probable,Año redondo
R064,Lebanese/Arab Rest BSN,Fenicia,"Passeig Sant Antoni 9, Sants",Barcelona,+34 933 300 146,,https://fenicia.es,Libanes с 1997 в Сантс возле станции. 482 отзыва. Поздние заказы. Сред.чек ~20€.,4,tripadvisor,Si,5,2026-05-28,fenicia.es+websearch,Probable,,Probable,Año redondo
R065,Lebanese/Arab Rest BSN,Albe Barcelona,"Carrer de Mallorca, 196 bajos 2, 08036",Barcelona,+34 930 117 316,,https://albebarcelona.com,Libanes-cataluno gastrobar. Не фьюжн - своя интерпретация. Винная карта. Платы для шеринга. Средний-высокий сегмент.,4,inandoutbarcelona,Si,5,2026-05-28,albebarcelona.com+websearch,Probable,,Probable,Año redondo
R066,Lebanese/Arab Rest BSN,Mazah Restaurant,"Gran Via de les Corts Catalanes, 618, L'Eixample, 08007",Barcelona,+34 930 130 311,,https://mazahrestaurant.es,Libanes. Chef Amer. Menu ejecutivo 19.90€. Menu Ramadan/grupos. Belly dance show. 4.3/1887 Google reviews. Glovo+UberEats. WhatsApp +34 687 666 823. Arayes - наш хлеб!,4,mazahrestaurant.es,Si,5,2026-05-28,firecrawl+mazahrestaurant.es,Probable,,Probable,Año redondo
R067,Lebanese/Arab Rest BSN,Bar Restaurante Gardenia,"Calle Provenza, 546, Local 3, 08025",Barcelona,+34 612 431 834,bayanbarcelona8@gmail.com,https://barrestaurantegardenia.com,"Sirio-libano-mediterraneo. Открыт фев 2022. Bayan Sayed Atasi. Свежие/натуральные продукты, без процессированного. Постры артесанал сириос. Откр пн-чт 11:30-24:00, пт-сб 11:30-01:00.",4,barrestaurantegardenia.com,Si,5,2026-05-28,firecrawl+barrestaurantegardenia.com,Probable,,Probable,Año redondo
R068,Lebanese/Arab Rest BSN,ARWAD Restaurant Sirio (El Solet de Sants),"Passeig de Sant Antoni 15, 08014",Barcelona,+34 931 288 212,restaurantarwad@gmail.com,https://arwad.es,Sirio-libano в Сантс. Открыто пн-вс 12:00-00:00. Halal. Terraza + comedor privado. Menu del dia + carta. Brasas/bocadillos - candidate для лаваша.,4,arwad.es,Si,5,2026-05-28,firecrawl+arwad.es,Probable,,Probable,Año redondo
R069,Lebanese/Arab Rest BSN,La Caravana,"Carrer de Mozart, 15-16, Gracia, 08012",Barcelona,+34 934 151 771,,https://lacaravanabarcelona.com,Sirio 30+ лет в Грасия. Авторская пита для shawarma/falafel - готовят сами!! Знаменитая в городе. Сред.чек 11-12€/блюдо. Pita Shawarma/Falafel/Kafta 6.10€ - производят свой хлеб.,4,wanderlog,Si,5,2026-05-28,firecrawl+lacaravanabarcelona.com,Probable,,Probable,Año redondo
R070,Lebanese/Arab Rest BSN,Restaurante Xix Kebab,"C/ Corsega 193, Eixample Esquerre",Barcelona,+34 933 218 210,,,"Sirio в Эшампле. Кускус, кебаб, фалафель, хумус. Сред.чек 20€. Comida 13-16, cena 20:30-00. Metro Hospital Clinic.",4,tripadvisor,Si,5,2026-05-28,websearch+bcnrestaurantes,Probable,,Probable,Año redondo
R071,Lebanese/Arab Rest BSN,Ugarit Sants,"Passeig Sant Antoni 21, Sants-Montjuic, 08014",Barcelona,+34 931 751 431,,,Sirio. Сеть из 7 ресторанов в БСН (Hani Sarkis). 171 отзыв. Сред.чек ~18€. 12:30-00:00. ВАЖНО: сеть - можно зайти на головной офис и продавать на все 7 точек.,3,tripadvisor,Si,5,2026-05-28,bcnrestaurantes+tripadvisor,Probable,,Probable,Año redondo
R072,Lebanese/Arab Rest BSN,Arze Restaurante Libanes,"Carrer del Doctor Dou, 10, Local 2, Ciutat Vella",Barcelona,+34 653 676 193,,https://arzerestaurante.es,Libanes в Ciutat Vella. 9.4/10 TheFork (400+ отзывов). Halal. Веган опции. Сред.чек 22€. UberEats+Glovo. Кеббе/хумус/фалафель/шаварма.,3,glovo,Si,5,2026-05-28,thefork+websearch,Probable,,Probable,Año redondo
R073,Lebanese/Arab Rest BSN,Cafe Arabia (duplicate Verdi 16),"Carrer Verdi 16 bajo, Gracia, 08012",Barcelona,+34 933 025 955,,https://cafearabiabarcelona.com,СЛИТО С ID R060 (Cafe Arabia (Arabia Cafe-Restaurant)) — этот адрес/название дублируется. ДУБЛИКАТ R060 - тот же ресторан Cafe Arabia. Один и тот же адрес/телефон. Объединить с R060 при слиянии базы.,4,cafearabiabarcelona.com,Si,5,2026-05-28,cross-check+firecrawl,Probable,,Probable,Año redondo
R074,Lebanese/Arab Rest BSN,Beryti Bistro,"Travessera de Gracia, 228, 08024",Barcelona,+34 677 161 152,,https://beryti.com,"Libanes бистро. Хозяйки Cindy Nehme + Pamela Syriani из Бейрута. Двухэтажный, как дом в Бейруте. Lebanese comfort food. Пн 19:30-00, вт-сб 12-16+19:30-00. Сильный кандидат - аутентичные ливанки.",4,inandoutbarcelona,Si,5,2026-05-28,beryti.com+websearch,Probable,,Probable,Año redondo
R075,Lebanese/Arab Rest BSN,Bistrot Levante,"Placeta de Manuel Ribe, 1, 08002",Barcelona,+34 938 582 679,,https://bistrotlevante.com,"Levantino в Готике. Mediterraneo + oriental soul. Libano + mediterraneo blend. Открыт 2018. Платы для шеринга, натур.вина. Пн-вт закрыт, ср-пт 13-00, сб 10:30-00.",3,inandoutbarcelona,Si,5,2026-05-28,bistrotlevante.com+yelp,Probable,,Probable,Año redondo
R076,Lebanese/Arab Rest BSN,Hummus Barcelona,"Carrer de Valencia, 227, 08007",Barcelona,+34 933 804 753,hummusbarcelona@gmail.com,https://hummusbarcelona.es,"Vegetariano/vegano mediterraneo. Между Balmes и Rambla Catalunya. Сред.чек 15€. Comida 13:30-16, cena 19-22:30. Опции gluten-free. Большой объём питы для wraps.",4,inandoutbarcelona,Si,5,2026-05-28,websearch+ajuntament.barcelona,Probable,,Probable,Año redondo
R077,Lebanese/Arab Rest BSN,A Tu Bola,"Carrer de l'Hospital, 78, 08001 (Raval)",Barcelona,+34 933 153 244,,https://atubolarestaurante.com,"Israeli/Mediterraneo street food gourmet. Brand 'A Tu Bola Restaurante' + catering. Boletas/крокеты, фалафель. Левантская кухня - конвертируемо на лаваш для wraps.",3,atubolarestaurante.com,Si,4,2026-05-28,firecrawl+atubolarestaurante.com,Probable,,Probable,Año redondo
R078,Lebanese/Arab Rest BSN,El Cocinero de Damasco,"Carrer dels Templers, 2, 08002",Barcelona,+34 637 990 606,,,"Sirio Halal. Хозяин-повар из Дамаска. 4.6/5 TripAdvisor. Открытая кухня. Spec: shawarma de pavo по секретному рецепту, fatayer/hummus/falafel. Прямой клиент для шаварма-лаваша.",4,wanderlog,Si,5,2026-05-28,tripadvisor+yelp,Probable,,Probable,Año redondo
R079,Lebanese/Arab Rest BSN,Musta Shawarma,"Carrer de Mozart, 4, Gracia, 08012",Barcelona,+34 935 008 591,,https://m.facebook.com/MustaShawarma,Sirio shawarma-точка в Грасия. 13:00-00:30 ежедневно. Halal Middle Eastern. Высокий поток - чистый шаварма-формат. ПРЯМОЙ кандидат на регулярные поставки лаваша.,5,wanderlog,Si,5,2026-05-28,websearch+novacircle,Probable,,Probable,Año redondo
R180,Delivery Platform,Glovo,Barcelona / Cataluña,Spain,,partners-support@glovoapp.com,https://partners.glovoapp.com/,"Регистрация партнёра на partners.glovoapp.com. Комиссия 25-35% (для ресторанов чаще 30-35%); grocery 15-25%. Активация ~5 раб дней + до 15 дней до операционной готовности. Требуется: налоговый ID (NIF/CIF), банковский счёт, сертификация коммерческой кухни/пищевого производства, фото продукции/локации. ОБЯЗАТЕЛЬНО для Льорета — Glovo доминирует в Каталонии.",5,glovoapp.com,Si,5,2026-05-28,partners.glovoapp.com + blog.menuviel.com,,,,Año redondo
R181,Delivery Platform,Uber Eats,Cataluña,Spain,,merchants-support@uber.com,https://merchants.ubereats.com/,"Регистрация партнёра: merchants.ubereats.com (ранее uber.com/es/es-es/merchant). Бесплатная активация. Комиссия 25-35%. Требуется: NIF/CIF, банк счёт, фото меню/продукции, режим работы. Активный в Лиорете 2026. 700k+ ресторанов/магазинов глобально.",5,ubereats.com,Si,5,2026-05-28,merchants.ubereats.com + help.uber.com,,,,Año redondo
R182,Delivery Platform,Just Eat,Cataluña,Spain,,partner-support@just-eat.es,https://restaurantes.just-eat.es/partnercentre,"Регистрация: restaurantes.just-eat.es/partnercentre. Knowledge center: partnerinfo.just-eat.es. Комиссия ~36% + 0.20€ за заказ. Активация ~299€. 9000+ ресторанов в Испании, 95% покрытия. Менее активна на Коста-Браве чем Glovo/Uber Eats но даёт дополнительный канал.",4,just-eat.es,Si,5,2026-05-28,restaurantes.just-eat.es + partnerinfo.just-eat.es,,,,Año redondo
R183,Delivery Platform,Bolt Food,Cataluña,Spain,,foodpartners@bolt.eu,https://foodpartner.bolt.eu/,"Партнёр-портал: foodpartner.bolt.eu. Bolt активен в Испании в 2026 (Мадрид, Барселона, Малага, Севилья). Bolt Food доступен только в избранных городах (Мадрид/Барселона) — НЕ обслуживает напрямую Лиорет. Регистрироваться имеет смысл для Барселоны как доп.канал.",3,bolt.eu,Parcial,4,2026-05-28,bolt.eu/cities + bolt.eu/blog,,,,Año redondo
R184,Delivery Platform,Yango Eats,Cataluña,Spain,,info@yango.com,https://yango.com/en_int/,"Yango Group (HQ Дубай, бывший Yandex). Глобально активна в 19 странах: Африка, Ближний Восток, ЛатАм. По состоянию 2026 Yango Eats/Yango Deli НЕ имеет подтверждённого full-stack присутствия в Испании в категории food delivery — только Yango Delivery for Business (b2b курьерская). НЕ использовать как канал доставки food в Лиорете 2026.",2,yango.com,No,4,2026-05-28,yango.com + yango.delivery + Wikipedia Yango Group,,,,Año redondo
R185,Catalog/Yellow Pages,Páginas Amarillas,España,España,,,https://www.paginasamarillas.es/a/registro/,"Регистрация бесплатная: paginasamarillas.es/a/registro (кнопка ""Darme de alta""). Базовый листинг бесплатный — название, адрес, телефон, категория. Категория для L-Lavash: Alimentación / Productos del mundo / Panaderías. Платформа сама перезвонит для верификации. Опции upgrade через BeeDigital (Activa/Acelera/Lidera).",5,paginasamarillas.es,Si,5,2026-05-28,paginasamarillas.es/a/registro + beedigital.es,,,,Año redondo
R186,Catalog/Yellow Pages,QDQ,España,España,,,https://www.qdq.com/registro/gratuito/step1,Бесплатная регистрация: qdq.com/registro/gratuito/step1. Коммерческое партнёрство с Google — данные QDQ передаются в Google. 1+ млн локальных бизнесов в каталоге. Заполнить описание min 200 символов с ключевыми словами для SEO.,4,qdq.com,Si,5,2026-05-28,qdq.com/registro + corbax.com,,,,Año redondo
R187,Catalog/Yellow Pages,Cylex,España,España,,,https://www.cylex.es/,"Бесплатная регистрация для владельцев бизнеса. Кнопка ""Registrarse"" на главной. Cylex попадает в ТОП-10 результатов Google для локальных запросов. Возможны premium-опции (Premium Entry, Bulk Upload) но базовый функционал — фото, видео, статьи, новости — бесплатный.",4,cylex.es,Si,5,2026-05-28,cylex.es/info/faq.html,,,,Año redondo
R188,Catalog/Yellow Pages,Empresite (El Economista),España,España,,,https://empresite.eleconomista.es/Home_Usuarios,"Бесплатная регистрация. Создан в 2010 INFORMA D&B S.A. 3+ млн компаний Испании. Только владелец/представитель может редактировать профиль — пометка ""EMPRESA EDITADA"". Регистрация на /Home_Usuarios.",3,empresite.eleconomista.es,Si,5,2026-05-28,empresite.eleconomista.es,,,,Año redondo
R189,Catalog/Yellow Pages,En Lloret,Lloret de Mar,Lloret de Mar,+34 872 454 226,,https://enlloret.com/,"Локальный каталог Льорета и SEO-агентство ""Marketing Y SEO Local Enlloret.Com"". Adresse: Calle Comte Ramon Borrell s/n, Lloret de Mar. Связаться по телефону 872454226 или через контакт-форму на сайте. Может также предложить создание сайта + Google Business setup.",5,enlloret.com,Si,5,2026-05-28,enlloret.com + paginasamarillas.es,,,,Estacional (mayor flujo en verano)
R190,Catalog/Yellow Pages,Lloret.cat / Lloret Turisme,"Av. Alegries, 3",Lloret de Mar,+34 972 365 788,central-turisme@lloret.cat,https://lloretdemar.org/es/lloret-de-mar/directorio-de-empresas,Официальный портал Lloret Turisme (Lloret Futur SA + Ajuntament). Directorio de empresas: lloretdemar.org/es/lloret-de-mar/directorio-de-empresas. Регистрация локального бизнеса через офис туризма Av. Alegries 3 или email central-turisme@lloret.cat. КРИТИЧЕСКИ для местного SEO и индексации в туристических каналах.,5,lloretdemar.org,Si,5,2026-05-28,lloretdemar.org + professionals.lloretdemar.org,,,,Estacional (mayor flujo en verano)
R191,Catalog/Yellow Pages,Botigues de Catalunya,Cataluña,Cataluña,,,https://www.botiguesdecatalunya.cat/es/alta.html,"Регистрация: botiguesdecatalunya.cat/es/alta.html. 85000+ локальных бизнесов Каталонии (Barcelona, Girona, Tarragona, Lleida). Инструменты: stamp cards (програмама лояльности), промо/скидки. Контакт: botiguesdecatalunya.cat/es/contactar. Сильный сигнал для регионального SEO.",5,botiguesdecatalunya.cat,Si,5,2026-05-28,botiguesdecatalunya.cat/es/alta.html,,,,Año redondo
R192,Catalog/Yellow Pages,Publicaton,Lloret/Girona,Lloret de Mar,+34 641 89 71 85,,https://publicaton.com/comercios-lloret-de-mar-girona/,"Локальный коммерческий каталог Lloret/Girona/Barcelona/Vizcaya. Категории: comercios, inmobiliarias, salud y belleza, bares y cafeterías. Регистрация через контакт-форму. Среднего качества каталог, useful для locality signals.",3,publicaton.com,Si,4,2026-05-28,publicaton.com,,,,Estacional (mayor flujo en verano)
R193,Catalog/Yellow Pages,TheFork (Tripadvisor),España,España,,partners@thefork.com,https://www.thefork.es/,"Регистрация: theforkmanager.com или support.theforkmanager.com (статья ""How can I sign up my restaurant"" доступна). 16M пользователей. Комиссия 2026: 2€ на одного посетителя, базовая 1.50-4€ на гостя в зависимости от плана. Имеет смысл ТОЛЬКО при наличии дегустационной/розничной точки (кафе при производстве L-Lavash).",3,thefork.es,Si,5,2026-05-28,support.theforkmanager.com + bouzondigital.com,,,,Año redondo
R194,Catalog/Yellow Pages,Tripadvisor,España,España,,,https://www.tripadvisor.es/,"Регистрация бизнес-листинга: tripadvisor.com/Owners. Бесплатный базовый листинг. Подходит ТОЛЬКО для дегустационной точки/кафе/магазина L-Lavash, не для оптового производства.",3,tripadvisor.es,Si,5,2026-05-28,tripadvisor.es,,,,Año redondo
R195,Catalog/Yellow Pages,Restaurant Guru,España,España,,,https://restaurantguru.com/businessLanding,"Агрегатор — собирает данные из Zagat, Zomato, Yelp, Google, Foursquare, Facebook. НЕЛЬЗЯ напрямую добавить — нужно сначала появиться на Google Maps, Yelp итд. Затем claim через restaurantguru.com/businessLanding (требуется verified email на домене бизнеса). 20M visitors/месяц.",3,restaurantguru.com,Si,4,2026-05-28,restaurantguru.com/businessLanding,,,,Año redondo
R196,Catalog/Yellow Pages,Google Business Profile,Lloret de Mar,Lloret de Mar,,,https://business.google.com/add,"КРИТИЧЕСКИ ВАЖНО #1. Регистрация: business.google.com/add. Бесплатно. Требуется Google account (Gmail или любой email). Верификация в 2026: video call (быстрее всего), pre-recorded video, postal verification. AI-функции для capture клиентов. ГЛАВНАЯ точка входа для поискового трафика в Льорете.",5,Google,Si,5,2026-05-28,support.google.com/business + business.google.com,,,,Estacional (mayor flujo en verano)
R197,Catalog/Yellow Pages,Unió de Botiguers de Tossa,Tossa de Mar,Tossa de Mar,,,https://www.ubtossa.com/,"Ассоциация торговцев Тосса-де-Мар (~10 мин от Льорета). Welcome Pack для новых членов с промокодами. Активна — организует Christmas Fest и др. Контакт через форму на ubtossa.com или Facebook ""Unió de Botiguers de Tossa"". Связь с Botigues de Catalunya.",3,ubtossa.com,Si,4,2026-05-28,ubtossa.com + botiguesdecatalunya.cat,,,,Año redondo
R198,Catalog/Yellow Pages,SAWCER,Barcelona,Barcelona,,,https://sawcer.com,Не нашёл активного присутствия sawcer.com как актуального каталога comercio Cataluña в 2026. Возможно недействующий или мерженный с другим проектом. РЕКОМЕНДУЮ ЗАМЕНИТЬ на Comerç Sant Antoni Barcelona (eixsantantoni.cat) если имелся в виду этот район — либо удалить из батча.,2,sawcer.com,No,2,2026-05-28,manual search inconclusive,,,,Año redondo
R199,Local Restaurants Lloret,Pizzería Marghe 1889,"Carrer de la Riera, 14, 17310",Lloret de Mar,+34 602 42 04 89,,http://www.pizzeriamarghe1889.com/,"Итальянская пиццерия. Неаполитанские пиццы, классические итал блюда. Активна на Facebook (@pizzeriamarghe). Лаваш не профильный — но могут зайти фокачча/пита/мини-пиццы L-Lavash для коктейль-меню.",2,thefork,Si,5,2026-05-28,tripadvisor.com + wanderlog.com + cylex.es,,,,Estacional (mayor flujo en verano)
R200,Local Restaurants Lloret,Via Amalfi,"Carrer de Josep Tarradellas i Joan, 1-3 local 9, 17310",Lloret de Mar,+34 601 90 74 84 / +34 602 48 58 59,,https://www.facebook.com/VA.ViaAmalfi/,"Итальянский ресторан с средиземноморским уклоном — морепродукты, пасты, вина. Активный Facebook + TikTok @va.viaamalfi. Хорошо ранжируется в Tripadvisor Lloret. Возможный B2B клиент для тонкого лаваша/итал.фокаччи.",2,thefork,Si,5,2026-05-28,trip.com + tripadvisor.com + wanderlog.com,,,,Estacional (mayor flujo en verano)
R201,Local Restaurants Lloret,Tribus Restaurant (by Casa Coco),"Avinguda de la Roca Grossa, 22, 17310",Lloret de Mar,+34 972 98 02 83,restaurant@tribuslloret.com,https://tribuslloret.com/,"Средиземноморский. Часть бутик-отеля Casa Coco Boutique Hotel & Spa. Премиальный сегмент (30-40€). Узкое тематич меню (утка, онгле, тартар). Высокий рейтинг 9.5 на TheFork. Перспективный B2B для премиум-пита/гриль-лаваша.",4,thefork,Si,5,2026-05-28,tribuslloret.com + tripadvisor.com + firmania.es,,,,Estacional (mayor flujo en verano)
R202,Local Restaurants Lloret,La Parrilla,"Carrer Santa Llucia, 13, 17310",Lloret de Mar,+34 972 36 96 36,,https://www.restaurantparrilla.com/,"#1 в Lloret de Mar на TripAdvisor. Управление с 1989 (María Carmen + Juan). Паэлья микст, гриль-мясо, гамбас аль ахийо. 3834 отзыва Restaurant Guru, рейтинг 4.7. ВЫСОКО ПЕРСПЕКТИВНЫЙ B2B-клиент: гриль + лаваш как сопровождение к мясу.",5,tripadvisor,Si,5,2026-05-28,tripadvisor.com + restaurantparrilla.com + restaurantguru.com,,,,Estacional (mayor flujo en verano)
R203,Local Restaurants Lloret,Ca L'Enric,"Av. Frederic Mistral, 8 (по новейшим данным)",Lloret de Mar,,,https://www.restaurantcalenric.cat/,"Каталанский, семейный. Указанный исходно адрес ""Carrer Migdia, 30"" НЕ подтвердился. Актуальный адрес по Yelp/Google: Av. Frederic Mistral 8 (Yelp указывает Carrer Castell 30, конфликт источников). Курица гриль, эскалопы, крокеты. Рейтинг Google 4.6. Сем. атмосфера.",2,viajeroscallejeros,Parcial,3,2026-05-28,restaurantcalenric.cat + yelp.com + tripadvisor.com,,,,Estacional (mayor flujo en verano)
R204,Local Restaurants Lloret,La Vaca Echada,"Carrer Sant Romà, 9, 17310",Lloret de Mar,+34 872 20 10 45,,https://la-vaca-echada.menustic.com/,"Аргентинско-европейский steakhouse. Гриль над открытым огнём. Расположен в центре Lloret. Исходно указанный ""Carrer Joan Llaveries"" НЕ подтвердился — фактический адрес Carrer Sant Romà 9. Часы 12-15:30 + 19-23:30. ВЫСОКО ПЕРСПЕКТИВНЫЙ B2B: стейк-хауз стабильно берёт хлеб.",3,tripadvisor,Si,5,2026-05-28,yelp.com + tripadvisor.com + guiacat.cat,,,,Estacional (mayor flujo en verano)
R205,Local Restaurants Lloret,Star Mediterráneo,требует верификации,Lloret de Mar,,,https://www.ubereats.com/,"Не удалось найти отдельную карточку ""Star Mediterráneo"" — возможно дубликат с ""Star Indian Food"" или внутреннее название виртуальной кухни на Uber Eats. Рекомендую проверить через прямой поиск на Uber Eats Lloret de Mar или удалить из батча.",2,ubereats,No,2,2026-05-28,uber eats search inconclusive,,,,Estacional (mayor flujo en verano)
R206,Local Restaurants Lloret,Atics Restaurant,"Carrer Josep Tarradellas i Joan, 1, 17310",Lloret de Mar,+34 972 36 93 83,,https://www.aticsrestaurant.com/,Средиземноморская кухня с локальными продуктами proximity. Виды на море. Высокое качество. Часть кластера Tarradellas (та же улица что и Via Amalfi). Перспективный B2B клиент для премиум-лаваша/средиземноморского хлеба.,3,tripadvisor,Si,5,2026-05-28,aticsrestaurant.com + lloretdemar.org + yelp.com,,,,Estacional (mayor flujo en verano)
R207,Local Restaurants Lloret,Restaurante Can Tarradas,"Plaça Espanya, 7, 17310",Lloret de Mar,+34 972 36 61 21,,https://cantarradas.com/,"Каталанский — паэлья, морепродукты, тапас, пицца, гриль. В центре Льорета на Plaza Espanya. 707 отзывов на TripAdvisor, рейтинг 4.3 (#14 из 298). Часы 13-16 + 19-23:30. Хороший B2B-партнёр под пита/лаваш-канапе для тапас.",3,tripadvisor,Si,5,2026-05-28,cantarradas.com + tripadvisor.com + paginasamarillas.es,,,,Estacional (mayor flujo en verano)
R208,Local Restaurants Lloret,Restaurante La Fusta,требует верификации (центр Lloret),Lloret de Mar,,,,"Средиземноморская + европ кухня. Семейный, открыт в 1960-х (Pedro + Helga). 506 отзывов TripAdvisor рейтинг 4.3 (#22 из 291). Gastroranking классифицирует как немецкая кухня (вероятно немецкие специальности). Полный адрес не нашёл в открытых источниках — нужна верификация на месте.",2,tripadvisor,Parcial,3,2026-05-28,tripadvisor.com + gastroranking.es,,,,Estacional (mayor flujo en verano)
R209,Local Restaurants Lloret,Star Indian Food,требует верификации (есть на UberEats Lloret),Lloret de Mar,,,https://www.ubereats.com/es-en/store/star-indian-food/Ftuh7ySMVtmsYr5xeGD4fQ,Активен на Uber Eats Lloret de Mar (прямой URL подтверждён). Индийский — берут наан/тонкий лаваш. Отдельный сайт/телефон в открытых источниках не нашёл — связаться через UE merchant chat либо через physical visit.,3,ubereats,Parcial,4,2026-05-28,ubereats.com,,,,Estacional (mayor flujo en verano)
R210,Local Restaurants Lloret,Shaan-e-India,требует верификации,Lloret de Mar / Malgrat de Mar,,,,Найден Shaan-e-India в Malgrat de Mar (соседний город ~30 мин). В Lloret de Mar отдельной карточки не подтвердил — возможно сетевая или branch. Индийский — потенциальный покупатель наан/лаваша.,2,ubereats,Parcial,3,2026-05-28,tripadvisor.in + restaurantguru.com,,,,Año redondo
R211,Local Restaurants Lloret,Royal Curry King,"Av. Just Marlés Vilarrodona, 42-56, 17310",Lloret de Mar,,,https://royalcurryking.eatbu.com/,Индийский ресторан. Адрес подтверждён: Av. Just Marlés Vilarrodona 42/56. Сайт-витрина: royalcurryking.eatbu.com + menustic.com. Активен на Uber Eats. Телефон в открытых источниках не подтверждён (нужно через UE merchant directly).,3,ubereats,Si,4,2026-05-28,ubereats.com + restaurantguru.com + royalcurryking.eatbu.com,,,,Estacional (mayor flujo en verano)
R009,Russian/Slavic Shop,Slavutich (La Tienda Rusa),требует верификации (заявлен Av. Andorra 11 Empuriabrava),Empuriabrava (Castelló d'Empúries),,,,"Подтверждённые точки Slavutich находятся в Girona (Pl. Santa Eugenia 2 + Maçana 62, тел +34 972 23 37 40) и в Tarragona (El Catllar, Av Andorra 11) — НЕ в Empuriabrava. Возможна путаница адресов в исходных данных. Рекомендую перепроверить локально — возможно есть филиал/закрыт.",3,catalunya.ru,Parcial,3,2026-05-28,girona.buscalis.com + asfaru.org + manualdeespanol.com,,,,Año redondo
R028,Russian/Slavic Shop,Sonechko (La Tienda Ucraniana),"Calle Riera Blanca, 46 bajos local 3, 08903",L'Hospitalet de Llobregat,+34 934 49 12 54,sonechko_@bk.ru,https://www.magazinsonechko.eu/,"Украинская тиенда. Подтверждённый телефон 934491254, email sonechko_@bk.ru, сайт magazinsonechko.eu, Facebook @sonechkoBcn. Часы 10-22. Украинские + русские товары. ВЫСОКИЙ ПРИОРИТЕТ B2B для L-Lavash.",5,degustandobarcelona.blogspot.com,Si,5,2026-05-28,metropoliabierta.elespanol.com + donde-estamos.es + citiservi.es,,,,Año redondo
R031,Russian/Slavic Shop,Los Carpatos,"Carrer de l'Empordà, 4, 08940",Cornellà de Llobregat,+34 688 32 91 73,,https://www.facebook.com/p/Los-Carpatos-100057140152638/,Тиенда продуктов Карпатского региона (Румыния/Украина/Польша) + вина. Подтверждённый телефон 688329173. Включена в Guia Comercial Cornellà. Активна на Facebook.,3,espanium.super.site,Si,5,2026-05-28,guiacomercialcornella.cat + facebook.com,,,,Año redondo
R037,Russian/Slavic Shop,Matrioshka,"C/Jaume I Conquiridor, 38, 08500",Vic,+34 638 13 98 54,,https://www.facebook.com/Matrioshkatiendarusa/,"Русская деликатес-тиенда в Vic (Osona, BCN). Полный ассортимент: икра, рыба, копчёности, консервы, сладости, вино, водка, пиво, молочные. Подтверждённый телефон 638139854. ~1ч20 от Льорета — дополнительная точка.",2,asfaru.org,Si,5,2026-05-28,casarusia.com + asfaru.org + facebook.com,,,,Año redondo
R039,Russian/Slavic Shop,Balkanica Distral,"Calle Hort del Portugués, 1, 46800 Xàtiva",Valencia (HQ) + склады,,jobs@balkanica.es,https://balkanica.es/,"ВАЖНО: HQ НЕ в Каталонии — в Xàtiva (Valencia). НО является ГЛАВНЫМ импортёром Восточной Европы в Испании (Болгария, Польша, Румыния, Украина). Сертификация IFS Logistic + ISO 9001:2015 для ambient/refrigerated/frozen. Online: balkanicaonline.es. B2B портал: b2b.balkanicadistral.com. LinkedIn активен. КРИТИЧЕСКИЙ B2B-цель для масштабирования по Испании.",5,balkanica.es,Si,5,2026-05-28,balkanica.es + balkanicaonline.es + linkedin.com + empresite.eleconomista.es,,,,Año redondo
R041,Russian/Slavic Shop,Extrainvest - Almacen Productos Del Este,"Passatge Tècnica, 69-71, 08740",Sant Andreu de la Barca,+34 662 18 86 05,,https://extramagazin.es/,"ВАЖНО: правильное название бренда — Extrainvest / Extramagazin (а не ""Almacen Optovaya Baza""). Оптовая база восточноевропейских продуктов. Сеть Extramagazin по Испании. Подтверждённый телефон 662188605. ПРЯМАЯ B2B-цель для оптовых поставок L-Lavash в дистрибуцию Каталонии.",5,espanium.super.site,Si,5,2026-05-28,paginasamarillas.es + extramagazin.es + barcelonaopt.com,,,,Año redondo
